Size,Aspect_Ratio,Orientation,Distance
95.60351575150725,2.538121339795188,85.092463873275,62.45423876612903
95.60351575150725,2.538121339795188,85.092463873275,99.9119730643537
95.60351575150725,2.538121339795188,85.092463873275,47.33655937899066
95.60351575150725,2.538121339795188,85.092463873275,88.45663149856232
95.60351575150725,2.538121339795188,85.092463873275,44.73560515456514
95.60351575150725,2.538121339795188,85.092463873275,14.2272308779182
95.60351575150725,2.538121339795188,85.092463873275,59.9173324579352
95.60351575150725,2.538121339795188,85.092463873275,30.05236385969772
95.60351575150725,2.538121339795188,85.092463873275,22.15355985454064
95.60351575150725,2.538121339795188,85.092463873275,28.40898848393347
95.60351575150725,2.538121339795188,85.092463873275,73.8904724315767
95.60351575150725,2.538121339795188,85.092463873275,70.63847358686733
95.60351575150725,2.538121339795188,85.092463873275,41.6787866749898
95.60351575150725,2.538121339795188,85.092463873275,99.52836733175312
95.60351575150725,2.538121339795188,85.092463873275,196.08300658966945
95.60351575150725,2.538121339795188,85.092463873275,168.1778104301609
95.60351575150725,2.538121339795188,85.092463873275,53.1610012904095
95.60351575150725,2.538121339795188,85.092463873275,13.4816554123987
95.60351575150725,2.538121339795188,85.092463873275,20.6863507308072
95.60351575150725,2.538121339795188,85.092463873275,43.69042314312941
95.60351575150725,2.538121339795188,85.092463873275,84.37922694978737
95.60351575150725,2.538121339795188,85.092463873275,19.793498915441766
95.60351575150725,2.538121339795188,85.092463873275,72.02985447635409
95.60351575150725,2.538121339795188,85.092463873275,116.93093044394348
95.60351575150725,2.538121339795188,85.092463873275,218.02545248446663
95.60351575150725,2.538121339795188,85.092463873275,281.41583235456267
95.60351575150725,2.538121339795188,85.092463873275,204.3345866344557
95.60351575150725,2.538121339795188,85.092463873275,174.6294780029486
95.60351575150725,2.538121339795188,85.092463873275,174.6294780029486
94.04578870372757,1.1914107634573072,83.61943481398292,174.6294780029486
123.8730177709991,3.0961492115685023,47.97619490244908,174.6294780029486
32.26989285582955,2.9034767178621808,38.331799531350605,174.6294780029486
36.03382293434294,1.3122910397860446,40.22417578813355,174.6294780029486
33.59570645259752,2.939305850851635,71.22521396428058,174.6294780029486
39.99466259357606,3.720944983446684,62.12359728754202,174.6294780029486
18.148018097007483,1.530768501131057,78.18838472991632,174.6294780029486
52.06350073858403,1.829384763307501,23.20093794329246,174.6294780029486
27.474014592225576,5.588183422976404,71.40195048776857,174.6294780029486
22.79952318720047,5.12524043553042,75.78843582369765,174.6294780029486
28.06810500748469,2.041709425429692,42.93630809415194,174.6294780029486
29.422229323800565,4.509384919035883,28.095526670997057,174.6294780029486
53.00530528522974,2.2647721319605467,75.30274267312578,174.6294780029486
37.96391176585861,1.269156444313726,29.702540950114287,174.6294780029486
29.655305462681167,2.5443739797605978,51.70094979095171,174.6294780029486
26.795000881016797,1.627719794822436,30.733367719604416,174.6294780029486
59.14373539268961,2.2667873581845623,69.81822829806973,174.6294780029486
27.93665074703029,3.351026486760076,45.94608532479941,174.6294780029486
143.96400326442435,2.482626972147512,61.53235752820182,174.6294780029486
96.04195855506134,1.3334642434025177,76.1156569226504,174.6294780029486
69.90539976637541,1.1898773025587817,48.73532335326375,174.6294780029486
314.4183574803593,1.6439681862210318,2.488000950945428,174.6294780029486
60.02114794255449,3.514197271966089,45.962724921516326,174.6294780029486
18.918890186949174,3.646514081555345,82.49201434059415,174.6294780029486
50.95224856327259,5.868382729091159,70.60692446901663,174.6294780029486
35.232115755298366,1.3884260100560382,88.91580280824324,174.6294780029486
29.89454611713244,3.1471140270058418,79.21350927264204,174.6294780029486
23.818904999172727,1.2822657913253297,75.7715976129761,174.6294780029486
68.65276906736214,1.2646720400731912,10.60785892069394,174.6294780029486
43.3481264802038,2.2924618408050423,17.095042193142284,174.6294780029486
25.50528607953299,3.106160360289627,4.774909561619843,174.6294780029486
11.520447920671472,1.649504360686633,53.583516258238106,174.6294780029486
45.17327972331306,2.0107738848269334,0.5729721386872809,174.6294780029486
179.83474809032413,1.0901956701871796,8.61375909480855,174.6294780029486
250.92901000830204,1.6167025350236908,81.4698347461921,174.6294780029486
206.7898048992248,2.0938569703026952,21.477604094825217,174.6294780029486
109.4210409306673,2.8486146356536044,18.072898213890326,174.6294780029486
109.4210409306673,2.8486146356536044,18.072898213890326,186.61509503628525
109.4210409306673,2.8486146356536044,18.072898213890326,101.64729003436634
109.4210409306673,2.8486146356536044,18.072898213890326,93.386585385966
109.4210409306673,2.8486146356536044,18.072898213890326,18.52314411529951
109.4210409306673,2.8486146356536044,18.072898213890326,20.20484571464187
109.4210409306673,2.8486146356536044,18.072898213890326,150.30014417462436
109.4210409306673,2.8486146356536044,18.072898213890326,88.9071662039925
109.4210409306673,2.8486146356536044,18.072898213890326,11.754690251779344
109.4210409306673,2.8486146356536044,18.072898213890326,105.6004824945856
109.4210409306673,2.8486146356536044,18.072898213890326,26.701693910005595
109.4210409306673,2.8486146356536044,18.072898213890326,10.0974006547361
109.4210409306673,2.8486146356536044,18.072898213890326,57.76570077003313
109.4210409306673,2.8486146356536044,18.072898213890326,17.666485421974727
109.4210409306673,2.8486146356536044,18.072898213890326,54.98659158958134
109.4210409306673,2.8486146356536044,18.072898213890326,102.2390009893601
109.4210409306673,2.8486146356536044,18.072898213890326,148.165611418061
109.4210409306673,2.8486146356536044,18.072898213890326,59.3170524636278
109.4210409306673,2.8486146356536044,18.072898213890326,98.63738094420864
109.4210409306673,2.8486146356536044,18.072898213890326,178.387399003699
109.4210409306673,2.8486146356536044,18.072898213890326,100.39284009091216
109.4210409306673,2.8486146356536044,18.072898213890326,306.23697893341625
109.4210409306673,2.8486146356536044,18.072898213890326,97.57024441863284
109.4210409306673,2.8486146356536044,18.072898213890326,7.402437938210324
109.4210409306673,2.8486146356536044,18.072898213890326,94.90088514741032
109.4210409306673,2.8486146356536044,18.072898213890326,60.63531230718593
109.4210409306673,2.8486146356536044,18.072898213890326,32.75928721486604
109.4210409306673,2.8486146356536044,18.072898213890326,17.0462714943018
109.4210409306673,2.8486146356536044,18.072898213890326,57.69126176955408
109.4210409306673,2.8486146356536044,18.072898213890326,59.83431079602091
109.4210409306673,2.8486146356536044,18.072898213890326,131.50956115862593
32.89657214923853,1.3119860554807954,50.09076008563353,131.50956115862593
26.96927513176188,4.555563455304617,85.13334675399629,131.50956115862593
161.3670041592626,1.374975703936662,71.06811058027137,131.50956115862593
18.272503611435035,3.0936727178808283,29.054644160859,131.50956115862593
18.18179703635661,1.3489818929025514,22.813151666440383,131.50956115862593
34.87506664440834,1.780158348062463,17.070278755465818,131.50956115862593
28.22247649797618,3.625348902259653,77.79378700299914,131.50956115862593
36.10127880870762,1.365268815322908,16.95951119513542,131.50956115862593
178.64129265925658,3.4793860688118787,84.0333255236948,131.50956115862593
142.983104976236,2.5573644155986925,23.47703416487441,131.50956115862593
36.221116372490265,6.7062166938485,89.6510229974424,131.50956115862593
32.275400195859774,1.344628753563857,42.541230305906346,131.50956115862593
15.379508426246897,2.8755277770822456,69.3645057178942,131.50956115862593
29.890351771635046,3.8124798220318015,65.10603024198078,131.50956115862593
32.70989470880827,1.161396178639165,17.85418768433097,131.50956115862593
41.59678460147897,2.4674983769080483,63.54440000245866,131.50956115862593
22.35976582959864,1.9773958291623783,21.514112439619105,131.50956115862593
27.59398319086729,1.5724640556337846,63.767364197677466,131.50956115862593
38.11385672360512,3.758629402301596,40.30826272040482,131.50956115862593
41.12861766221703,2.61950157598499,44.096814757455945,131.50956115862593
81.77916167740156,1.4652809832224596,74.97631555888726,131.50956115862593
77.53015826371741,1.4195436174210176,59.293841433347644,131.50956115862593
32.294693686190705,3.4585880379886373,54.67691454283352,131.50956115862593
23.596321702056557,1.2143184269219722,20.676404361322135,131.50956115862593
78.37707417418113,2.1616580231258613,86.565687548423,131.50956115862593
86.97186938748635,2.286296370202767,87.45954929367262,131.50956115862593
31.71432956788936,2.716185517482414,89.80619304097164,131.50956115862593
18.92567732123885,2.5400966656676185,29.662605882279266,131.50956115862593
88.90519760780892,2.3294403993545143,3.908354744429941,131.50956115862593
74.2574351097458,6.00240652021562,52.90409972738577,131.50956115862593
33.586483625024535,4.438750248254852,37.61091291491698,131.50956115862593
20.823572540131423,3.5705217510784157,25.30471555186037,131.50956115862593
168.5606046966507,3.1619076813265226,83.3508212121971,131.50956115862593
32.34499216818105,1.4715330077498,7.480475707853845,131.50956115862593
39.31411768622735,1.6888680621779448,82.67060947201556,131.50956115862593
55.10206736924312,1.9191524708989092,30.83527470910928,131.50956115862593
38.46903859829854,1.6297731317773267,13.194506377793868,131.50956115862593
30.790322121134125,4.258569666918977,65.6599275859253,131.50956115862593
23.594321156582065,3.28054440952591,14.829116161524798,131.50956115862593
25.57792219322953,2.3837376792276954,1.5671674498234165,131.50956115862593
107.45862073035111,2.038771629770952,47.98902828044741,131.50956115862593
33.86498749267086,1.718266739911584,51.8067861305158,131.50956115862593
22.180952397792,1.4626961057303125,69.21310978941244,131.50956115862593
21.716781746927538,2.4067524549786774,89.08115691527064,131.50956115862593
21.716781746927538,2.4067524549786774,89.08115691527064,136.06934396715036
21.716781746927538,2.4067524549786774,89.08115691527064,114.69580696981666
21.716781746927538,2.4067524549786774,89.08115691527064,120.16584795052523
21.716781746927538,2.4067524549786774,89.08115691527064,114.53630791028554
21.716781746927538,2.4067524549786774,89.08115691527064,83.3755787530458
21.716781746927538,2.4067524549786774,89.08115691527064,60.42210977620624
21.716781746927538,2.4067524549786774,89.08115691527064,65.62524301291181
21.716781746927538,2.4067524549786774,89.08115691527064,74.58590987341928
21.716781746927538,2.4067524549786774,89.08115691527064,22.568622772322087
21.716781746927538,2.4067524549786774,89.08115691527064,57.36919584202308
21.716781746927538,2.4067524549786774,89.08115691527064,31.63656668961145
21.716781746927538,2.4067524549786774,89.08115691527064,21.603661239241976
21.716781746927538,2.4067524549786774,89.08115691527064,72.51530818969883
21.716781746927538,2.4067524549786774,89.08115691527064,135.75544235119892
21.716781746927538,2.4067524549786774,89.08115691527064,100.88177455496869
21.716781746927538,2.4067524549786774,89.08115691527064,60.07048877651996
21.716781746927538,2.4067524549786774,89.08115691527064,96.8970471921736
21.716781746927538,2.4067524549786774,89.08115691527064,94.39397551522524
21.716781746927538,2.4067524549786774,89.08115691527064,93.85866421968127
21.716781746927538,2.4067524549786774,89.08115691527064,201.8195006996215
21.716781746927538,2.4067524549786774,89.08115691527064,116.47444364770932
21.716781746927538,2.4067524549786774,89.08115691527064,47.32757945809467
21.716781746927538,2.4067524549786774,89.08115691527064,330.40671162358075
21.716781746927538,2.4067524549786774,89.08115691527064,34.06038798781532
21.716781746927538,2.4067524549786774,89.08115691527064,188.48318038073
72.7368238095214,1.2550038753151018,0.0706361413093373,188.48318038073
77.55051980411572,2.872811321134695,85.40001066879103,188.48318038073
25.07720636766607,3.109865378027505,58.49613492099512,188.48318038073
128.79151271491023,3.181121310917898,52.13272365610493,188.48318038073
37.18393064406496,2.1316952996106084,9.817494411782096,188.48318038073
73.95560186385606,4.565266523344708,8.691124756225026,188.48318038073
88.4932784276644,3.05619766202801,55.89307587693489,188.48318038073
40.29765252268582,1.8970955113646164,35.78782663368034,188.48318038073
226.41005021520616,2.776743869571641,45.943675749865164,188.48318038073
29.37799483410761,1.5736344281921977,1.3896732022956917,188.48318038073
77.1190400884091,2.0091547889580963,21.677529739445912,188.48318038073
16.363928433990697,1.1929228306450317,43.040818598835806,188.48318038073
79.0141354339122,3.3730570883772844,86.54684739796151,188.48318038073
49.90845982290405,1.524336801650472,77.53864083975125,188.48318038073
29.98128818712264,5.828197871261286,11.203718728534374,188.48318038073
43.099813709899045,2.8236924176231804,87.68521594081245,188.48318038073
36.15827240846798,5.177963945284804,78.07708464503989,188.48318038073
35.651851827391035,1.9088499289401912,29.5151247299566,188.48318038073
33.944291309660166,4.131413972625193,24.92373018063173,188.48318038073
54.36600071307288,2.5447981308091787,80.37427296838686,188.48318038073
87.98364826684323,2.1243529013576747,26.01738296242076,188.48318038073
59.2374972535652,1.9411212546182013,33.42988125693278,188.48318038073
25.559634968837493,2.371503819144115,62.68582791980811,188.48318038073
56.50200058221531,1.9050471948413013,56.26811172568538,188.48318038073
105.25359425685618,3.759984470214297,88.94098027903162,188.48318038073
99.9330427553292,2.02717140191578,3.691430224931049,188.48318038073
30.482695207737702,1.6094758746366655,48.75081997159264,188.48318038073
81.87231130485816,2.25475266759002,58.25740014723822,188.48318038073
41.11455067085296,1.628883365038143,79.04935781621181,188.48318038073
124.6416907754762,2.8444676871521763,60.32442546173012,188.48318038073
107.66865668359748,2.8826046828437817,32.09930106808587,188.48318038073
19.501926217953734,1.442458460592002,3.2132924572485506,188.48318038073
76.33531861138354,3.060617594118997,82.34526941083146,188.48318038073
84.18899658081133,2.3106849787486525,20.195541466076108,188.48318038073
70.8885444749824,3.72963826884073,57.31310091595824,188.48318038073
42.975004495766136,3.020237696984169,75.8417027864733,188.48318038073
22.66897818594356,1.5189936162499469,89.39535407224926,188.48318038073
22.66897818594356,1.5189936162499469,89.39535407224926,188.08764156383415
22.66897818594356,1.5189936162499469,89.39535407224926,88.0957899289459
22.66897818594356,1.5189936162499469,89.39535407224926,24.90898811837953
22.66897818594356,1.5189936162499469,89.39535407224926,105.467809884112
22.66897818594356,1.5189936162499469,89.39535407224926,90.94413780798672
22.66897818594356,1.5189936162499469,89.39535407224926,138.3385337758262
22.66897818594356,1.5189936162499469,89.39535407224926,149.3972363799917
22.66897818594356,1.5189936162499469,89.39535407224926,61.19901053050689
22.66897818594356,1.5189936162499469,89.39535407224926,119.01514573537835
22.66897818594356,1.5189936162499469,89.39535407224926,58.99033764673361
22.66897818594356,1.5189936162499469,89.39535407224926,73.361959436857
22.66897818594356,1.5189936162499469,89.39535407224926,101.87250572642348
22.66897818594356,1.5189936162499469,89.39535407224926,28.97386910820664
22.66897818594356,1.5189936162499469,89.39535407224926,19.41973268385672
22.66897818594356,1.5189936162499469,89.39535407224926,11.947542746806274
22.66897818594356,1.5189936162499469,89.39535407224926,16.093480436949203
22.66897818594356,1.5189936162499469,89.39535407224926,17.83930954490122
22.66897818594356,1.5189936162499469,89.39535407224926,24.75913628801711
22.66897818594356,1.5189936162499469,89.39535407224926,41.653154969417166
22.66897818594356,1.5189936162499469,89.39535407224926,44.61017529240313
22.66897818594356,1.5189936162499469,89.39535407224926,38.46663618646482
22.66897818594356,1.5189936162499469,89.39535407224926,70.65214177779457
22.66897818594356,1.5189936162499469,89.39535407224926,190.8564775657259
22.66897818594356,1.5189936162499469,89.39535407224926,118.02713886489914
22.66897818594356,1.5189936162499469,89.39535407224926,105.24352152017704
22.66897818594356,1.5189936162499469,89.39535407224926,304.39262206991816
81.64234929459357,2.012464665824709,57.577875366747776,304.39262206991816
141.94906138875618,1.4477289475681885,77.93836234824008,304.39262206991816
33.66963412763113,5.232015199740896,10.382357164305796,304.39262206991816
127.06653046083969,1.6066699311453594,73.20581739006585,304.39262206991816
19.535528675043228,1.891635846884729,62.87516180439634,304.39262206991816
40.15911042124599,2.1412465456401684,84.47651012384593,304.39262206991816
35.69545178871938,2.8045391775802027,6.438268022368457,304.39262206991816
136.4313496652741,1.7078953357910882,15.045744342794388,304.39262206991816
36.7942069413644,1.3122081394728469,22.274271623669584,304.39262206991816
120.3512822726638,2.100226595212845,39.97128168935118,304.39262206991816
30.132550559707635,5.090833285881478,36.96072409657567,304.39262206991816
94.94522933625557,2.5944537275906243,53.32413287664396,304.39262206991816
86.5909290998103,1.267280207241183,15.46753563617287,304.39262206991816
27.11317931082292,1.3875539490922866,53.82383361998125,304.39262206991816
85.18176273753299,2.7129174929898925,11.657558096068708,304.39262206991816
37.02256565184565,2.629142319925572,64.46050291813934,304.39262206991816
49.31852648396535,2.620424508335156,44.81360939020925,304.39262206991816
15.323930782470915,1.6909675001865234,4.5151409081216345,304.39262206991816
122.85788757303165,1.4993264644997772,76.58509146183847,304.39262206991816
15.82559272699335,1.4333987515317208,7.841403125146768,304.39262206991816
60.57699359708064,6.423730345795291,21.64022053828114,304.39262206991816
15.16465894347201,1.1842403219497168,86.7030473848464,304.39262206991816
49.5455385006962,4.276961918479729,13.96982066818086,304.39262206991816
37.81132678395697,4.729320612022797,66.15435331643995,304.39262206991816
28.776682865994367,7.475949575680638,21.10455878402072,304.39262206991816
16.711460663703285,1.615481797120547,73.1140156362933,304.39262206991816
36.37482704546527,5.070493199576983,86.89843009744392,304.39262206991816
234.5786309341556,3.28167653646996,72.10479038432436,304.39262206991816
47.46342934822018,2.8414222030924936,55.86497806060848,304.39262206991816
12.69373753625852,1.4203324973275169,23.363017119408312,304.39262206991816
39.52059436723984,2.739130123953263,48.85286453885058,304.39262206991816
79.51267218621882,1.4264514732862763,78.03702975132884,304.39262206991816
15.09707069735395,1.7600755107740107,74.8185678214112,304.39262206991816
12.785045903218156,1.4453533633268905,72.92259883240807,304.39262206991816
25.90730746611762,3.4583401604740405,54.94534471594029,304.39262206991816
97.73351203865155,1.9558709950094628,44.26599865525227,304.39262206991816
33.58566085164094,1.538541931578397,0.2958648258430614,304.39262206991816
53.86892609923779,3.086208914490723,8.844902136647798,304.39262206991816
65.8644381568363,1.899343354587608,29.66572313217878,304.39262206991816
65.8644381568363,1.899343354587608,29.66572313217878,29.029194984187814
65.8644381568363,1.899343354587608,29.66572313217878,150.91415029792117
65.8644381568363,1.899343354587608,29.66572313217878,162.97814897853215
65.8644381568363,1.899343354587608,29.66572313217878,62.935144292880125
65.8644381568363,1.899343354587608,29.66572313217878,85.98940154987663
65.8644381568363,1.899343354587608,29.66572313217878,18.53273123960065
65.8644381568363,1.899343354587608,29.66572313217878,57.42628588738853
65.8644381568363,1.899343354587608,29.66572313217878,101.28082592831154
65.8644381568363,1.899343354587608,29.66572313217878,34.58349361410397
65.8644381568363,1.899343354587608,29.66572313217878,165.52962455693162
65.8644381568363,1.899343354587608,29.66572313217878,116.12344128553796
65.8644381568363,1.899343354587608,29.66572313217878,8.24307291279225
65.8644381568363,1.899343354587608,29.66572313217878,89.12193446991823
65.8644381568363,1.899343354587608,29.66572313217878,126.41390723016067
65.8644381568363,1.899343354587608,29.66572313217878,49.56013867770175
65.8644381568363,1.899343354587608,29.66572313217878,39.33849573336194
65.8644381568363,1.899343354587608,29.66572313217878,72.6683269355545
65.8644381568363,1.899343354587608,29.66572313217878,52.48655195127752
65.8644381568363,1.899343354587608,29.66572313217878,20.49776166574116
65.8644381568363,1.899343354587608,29.66572313217878,47.50466383665881
65.8644381568363,1.899343354587608,29.66572313217878,99.78808285665627
65.8644381568363,1.899343354587608,29.66572313217878,221.5809295422446
65.8644381568363,1.899343354587608,29.66572313217878,200.12870205207025
65.8644381568363,1.899343354587608,29.66572313217878,130.24419958710243
89.84629710938516,1.7301606087338484,12.835569140833485,130.24419958710243
59.56545568291982,2.8237176636796604,67.68468456402181,130.24419958710243
18.22796710682804,1.796840780199762,10.85677216217735,130.24419958710243
95.96260869799934,2.010699152082477,85.1769057519491,130.24419958710243
24.29328674168629,1.2400362524354056,87.21236662420054,130.24419958710243
60.66904500301524,2.229684696325266,21.35955046626787,130.24419958710243
41.56807760290478,1.728185008474262,48.88557043528965,130.24419958710243
46.279323187795846,2.166199009963853,53.71925673738375,130.24419958710243
21.94555559713722,5.628605488964135,87.32520719020938,130.24419958710243
110.48035690454758,2.615171965791136,11.282834948719902,130.24419958710243
57.72712803857844,2.2194081316451544,36.27232401019315,130.24419958710243
37.8830536864696,1.2101902154443915,16.644786015932205,130.24419958710243
160.4469793664579,2.5841713378247,25.430723916109724,130.24419958710243
61.36043501713411,1.2909747237541709,58.19344557295138,130.24419958710243
316.00677139879906,1.709686641726892,41.55289820634066,130.24419958710243
78.93622724515572,2.3267566612175767,48.719211131977815,130.24419958710243
76.70982554649312,3.2842938989415247,72.59933572826334,130.24419958710243
22.218147938192075,2.0728827345748333,11.33745579822688,130.24419958710243
30.691363864494644,6.920775879968763,3.024241307344024,130.24419958710243
47.81050338594676,1.844603857668764,37.87404345973922,130.24419958710243
146.83809232865548,3.377364478625478,50.77253714755139,130.24419958710243
46.73302369728448,2.17674469236196,4.130610815469864,130.24419958710243
29.170598269409663,1.2957783525802238,26.74613844062984,130.24419958710243
47.50298512236096,1.3072952950780097,59.47103456848416,130.24419958710243
23.99351612709087,1.7800210057811956,11.573017388554677,130.24419958710243
51.60956354595678,3.4934044035302807,14.79415692617268,130.24419958710243
114.37823330723248,3.044612548950021,7.060639558495544,130.24419958710243
80.46815550871793,1.845540263567871,46.62074886138896,130.24419958710243
34.46487480566604,3.657627213663356,28.59797664552029,130.24419958710243
53.81826948086627,4.363355150879284,10.042796603908156,130.24419958710243
63.87531124290964,2.36315305252845,54.23051789061424,130.24419958710243
75.01467963119875,2.2960374405383743,77.0566912853576,130.24419958710243
27.71951832701484,2.9686953360131585,63.60894567882976,130.24419958710243
70.64803018693075,1.7602402261828174,26.563811081255142,130.24419958710243
104.3596877222111,2.761759661896328,37.680445725711486,130.24419958710243
38.11640160036561,7.885354679957341,80.81649283865232,130.24419958710243
38.11640160036561,7.885354679957341,80.81649283865232,72.61776575444506
38.11640160036561,7.885354679957341,80.81649283865232,243.5737100209015
38.11640160036561,7.885354679957341,80.81649283865232,51.111646120685855
38.11640160036561,7.885354679957341,80.81649283865232,93.5937163331032
38.11640160036561,7.885354679957341,80.81649283865232,126.19179334375528
38.11640160036561,7.885354679957341,80.81649283865232,13.094050449893706
38.11640160036561,7.885354679957341,80.81649283865232,93.86063454275067
38.11640160036561,7.885354679957341,80.81649283865232,97.39697484510164
38.11640160036561,7.885354679957341,80.81649283865232,81.17327493985889
38.11640160036561,7.885354679957341,80.81649283865232,16.606676475542944
38.11640160036561,7.885354679957341,80.81649283865232,100.37479557989634
38.11640160036561,7.885354679957341,80.81649283865232,173.979166032776
38.11640160036561,7.885354679957341,80.81649283865232,89.68243526184263
38.11640160036561,7.885354679957341,80.81649283865232,132.29167655030392
38.11640160036561,7.885354679957341,80.81649283865232,85.63523222907884
38.11640160036561,7.885354679957341,80.81649283865232,105.86037216619236
38.11640160036561,7.885354679957341,80.81649283865232,113.09284390292504
38.11640160036561,7.885354679957341,80.81649283865232,89.59535358849844
38.11640160036561,7.885354679957341,80.81649283865232,120.35202650861146
38.11640160036561,7.885354679957341,80.81649283865232,20.424091894042025
38.11640160036561,7.885354679957341,80.81649283865232,18.928378877380283
38.11640160036561,7.885354679957341,80.81649283865232,87.53216731365039
38.11640160036561,7.885354679957341,80.81649283865232,23.25345046016765
38.11640160036561,7.885354679957341,80.81649283865232,55.57348346817313
38.11640160036561,7.885354679957341,80.81649283865232,205.7231771141548
38.11640160036561,7.885354679957341,80.81649283865232,17.966670232206564
38.11640160036561,7.885354679957341,80.81649283865232,86.20566686729411
63.56374297634244,2.6501841084893947,6.492253317325644,86.20566686729411
47.1169812274035,1.7545481809036716,72.81365304533139,86.20566686729411
247.540812525958,3.611012782696159,72.10620672043899,86.20566686729411
62.26711963690764,1.6049592661569851,39.8339076665842,86.20566686729411
19.57011469531289,1.0925995086412168,24.66085494157732,86.20566686729411
24.538458986691868,1.940460317315472,10.81338592578285,86.20566686729411
32.23382284883059,1.874119369467607,72.97462123695166,86.20566686729411
19.664041931330758,1.227256913097333,60.09359968410666,86.20566686729411
70.77275839346356,2.0576631912548056,23.66474626776801,86.20566686729411
252.3193243995054,2.1697645116301905,58.72568287117738,86.20566686729411
30.430457939666557,1.1471560977459485,54.77457998806948,86.20566686729411
107.85728726379872,1.4756114546370072,81.63202492556476,86.20566686729411
25.924894002095744,1.4662560544737138,19.64943499318765,86.20566686729411
15.515159552024109,2.469551822889017,68.61758324867886,86.20566686729411
16.70862399519636,2.141626202073116,10.514748438460806,86.20566686729411
40.32061374449849,3.3325609332738275,48.495546850389175,86.20566686729411
174.23663131091362,3.1182962781305466,25.64324218224449,86.20566686729411
67.22027155065646,1.42530282846228,87.0486570348163,86.20566686729411
45.78251773007552,2.3265505254066614,72.31800771775161,86.20566686729411
75.42534961371307,3.632490448444366,60.02249044497986,86.20566686729411
90.16943810076788,2.345857739602279,13.59431859515772,86.20566686729411
120.41176098318589,2.5911053191483053,32.153454457517014,86.20566686729411
46.61615154677775,1.11003384378879,11.79096403816817,86.20566686729411
51.16591771053804,1.4038519849801747,65.7177897269448,86.20566686729411
27.089424401667205,2.5149627047926315,35.50741593841662,86.20566686729411
72.40316268750468,1.086126175763486,57.60900508777285,86.20566686729411
32.56288726293158,1.0417158144170306,3.7208006065673778,86.20566686729411
46.07978951424057,3.273420736843005,61.74588816499822,86.20566686729411
312.8233422400235,1.040198151993905,28.2547955120972,86.20566686729411
218.79994173049133,2.0916885418681472,61.57557425308852,86.20566686729411
161.3866762825633,3.091067979135365,31.220097836899598,86.20566686729411
51.04293337354278,1.8488716904355995,46.61204268347816,86.20566686729411
14.344528700125274,1.8697353119342373,51.481631633838944,86.20566686729411
43.38599336077744,4.625524584725122,69.65354014407478,86.20566686729411
30.81785819142035,3.542499544148412,44.83098582097299,86.20566686729411
26.526087410375755,2.2964283209251017,70.68263164572083,86.20566686729411
90.19022776352784,4.068254829535312,8.36167041127539,86.20566686729411
32.32226336892599,5.752488640264887,43.24285881953194,86.20566686729411
42.72989731977588,1.9873969175480823,19.71046902732581,86.20566686729411
13.137986172360606,1.5026410646972688,79.97386265910897,86.20566686729411
53.483850304463374,1.4059703547299978,59.67213395346975,86.20566686729411
20.598815525999814,2.90711070652574,57.26099658460216,86.20566686729411
20.598815525999814,2.90711070652574,57.26099658460216,309.12889158917307
20.598815525999814,2.90711070652574,57.26099658460216,175.23159709588782
20.598815525999814,2.90711070652574,57.26099658460216,51.6916950324367
20.598815525999814,2.90711070652574,57.26099658460216,166.1232111524494
20.598815525999814,2.90711070652574,57.26099658460216,63.75864820911809
20.598815525999814,2.90711070652574,57.26099658460216,121.4687556107294
20.598815525999814,2.90711070652574,57.26099658460216,263.9898758814325
20.598815525999814,2.90711070652574,57.26099658460216,9.831205834650454
20.598815525999814,2.90711070652574,57.26099658460216,44.10420597529407
20.598815525999814,2.90711070652574,57.26099658460216,97.90403382302446
20.598815525999814,2.90711070652574,57.26099658460216,71.84033049643953
20.598815525999814,2.90711070652574,57.26099658460216,34.061943852407175
20.598815525999814,2.90711070652574,57.26099658460216,66.15934331481678
20.598815525999814,2.90711070652574,57.26099658460216,118.72459620793175
20.598815525999814,2.90711070652574,57.26099658460216,168.98021727579362
20.598815525999814,2.90711070652574,57.26099658460216,87.39060929386196
20.598815525999814,2.90711070652574,57.26099658460216,65.62154303179089
20.598815525999814,2.90711070652574,57.26099658460216,103.429702170495
20.598815525999814,2.90711070652574,57.26099658460216,56.0843944522444
20.598815525999814,2.90711070652574,57.26099658460216,125.22736116984515
20.598815525999814,2.90711070652574,57.26099658460216,285.93025829077027
27.733909238573503,2.308321922387776,74.27406704105591,285.93025829077027
60.91761943279828,11.028913001222072,0.7296004599927702,285.93025829077027
103.48328177493238,1.4620104946136148,4.801846416809743,285.93025829077027
23.85864903008932,2.3248872438309403,80.87460337947964,285.93025829077027
109.7534456791832,4.351098270886284,15.653747603291862,285.93025829077027
79.29674627112698,1.772871202725639,9.78793892696115,285.93025829077027
35.01715046008809,1.1438484887230704,27.666150241648182,285.93025829077027
101.14316876217892,1.4615034102364473,36.83541779143902,285.93025829077027
183.92990679308767,1.3104230557192835,74.76511044928986,285.93025829077027
39.612357514455006,2.7424702118249487,75.04699883559005,285.93025829077027
11.766910256457274,1.212800457605392,75.11483503584941,285.93025829077027
251.53243761208336,1.46232261562455,35.21370787327604,285.93025829077027
12.0266921950806,1.2238541655830972,29.040614618131883,285.93025829077027
45.95534257622695,2.637456908948216,19.702420848554173,285.93025829077027
142.99774716351735,3.634479485937606,0.877160636449061,285.93025829077027
47.757117726441045,1.6589039272401789,74.96656320687431,285.93025829077027
45.198252192190594,2.3706867697681675,86.77563483224016,285.93025829077027
58.36892286808053,2.3578962665737757,23.59431527903392,285.93025829077027
31.02872860442223,4.202245204350983,70.27799700102597,285.93025829077027
34.91081680210334,2.8630664575836,87.46855723263273,285.93025829077027
150.9099513626826,1.4741248385747223,62.633253898846775,285.93025829077027
35.262291314304974,1.389726710286787,33.00384179591302,285.93025829077027
103.10331165506295,6.058153782849985,73.62919356452106,285.93025829077027
197.82689385041604,3.892354998833398,4.779447069894126,285.93025829077027
113.95092270365328,2.922040685540763,69.69342995985795,285.93025829077027
50.67164742682672,1.8081293726354917,5.052605741151835,285.93025829077027
94.50484051946648,1.5804706193162863,16.09089168598857,285.93025829077027
39.02068632074748,1.552627973115243,26.24504873877221,285.93025829077027
35.67053498515075,4.254698179819859,75.77985682180397,285.93025829077027
35.67053498515075,4.254698179819859,75.77985682180397,66.38288285749096
35.67053498515075,4.254698179819859,75.77985682180397,128.03121777229393
35.67053498515075,4.254698179819859,75.77985682180397,91.42704889418673
35.67053498515075,4.254698179819859,75.77985682180397,157.31816447960688
35.67053498515075,4.254698179819859,75.77985682180397,130.1681134782401
35.67053498515075,4.254698179819859,75.77985682180397,35.123519681189244
35.67053498515075,4.254698179819859,75.77985682180397,70.77998463162339
35.67053498515075,4.254698179819859,75.77985682180397,191.09593180153644
35.67053498515075,4.254698179819859,75.77985682180397,145.3171938403072
35.67053498515075,4.254698179819859,75.77985682180397,183.9763411596931
35.67053498515075,4.254698179819859,75.77985682180397,66.37258912193313
35.67053498515075,4.254698179819859,75.77985682180397,105.50082239959336
35.67053498515075,4.254698179819859,75.77985682180397,86.42515298652197
35.67053498515075,4.254698179819859,75.77985682180397,185.93047119524417
35.67053498515075,4.254698179819859,75.77985682180397,73.71571631967963
35.67053498515075,4.254698179819859,75.77985682180397,102.99541967423814
35.67053498515075,4.254698179819859,75.77985682180397,57.00163184536632
35.67053498515075,4.254698179819859,75.77985682180397,34.72956712062503
35.67053498515075,4.254698179819859,75.77985682180397,25.03483440081187
35.67053498515075,4.254698179819859,75.77985682180397,69.0320754386498
35.67053498515075,4.254698179819859,75.77985682180397,71.45755202454203
35.67053498515075,4.254698179819859,75.77985682180397,18.137185826624503
35.67053498515075,4.254698179819859,75.77985682180397,61.79975272446062
35.67053498515075,4.254698179819859,75.77985682180397,118.63351451241611
35.67053498515075,4.254698179819859,75.77985682180397,97.03983981481376
35.67053498515075,4.254698179819859,75.77985682180397,44.591931770213804
35.67053498515075,4.254698179819859,75.77985682180397,46.43430174168076
35.67053498515075,4.254698179819859,75.77985682180397,86.4989128908224
35.67053498515075,4.254698179819859,75.77985682180397,43.78545575079921
35.67053498515075,4.254698179819859,75.77985682180397,36.579747179367935
35.67053498515075,4.254698179819859,75.77985682180397,9.27240124204336
45.99296209475958,2.579873158414652,26.892424995988637,9.27240124204336
241.98632875164375,4.082729740105853,2.2012834168543387,9.27240124204336
29.257161226732475,1.342735015242693,26.04976736584117,9.27240124204336
96.53816714738856,4.587011808670783,39.038843230218994,9.27240124204336
145.06142722323003,1.4618989986916215,35.098098330603776,9.27240124204336
273.4402493717435,3.3747810792417106,52.08945569263339,9.27240124204336
78.47070843521635,1.2600180831966714,9.213493539642764,9.27240124204336
144.61291903007657,1.827332680823816,13.96963479115505,9.27240124204336
59.07843113035759,2.033799680752935,26.773981487438668,9.27240124204336
12.951699466187058,1.403243496258405,24.100848936754566,9.27240124204336
59.16314098319317,2.2298009093821305,13.427069324288963,9.27240124204336
194.3897214133081,1.1010031263831035,44.83848154649985,9.27240124204336
143.94896389805868,1.8257385963390904,11.910765874476558,9.27240124204336
20.11012875677822,4.158139986024212,22.78192824348104,9.27240124204336
92.82653994152544,2.4156909619624938,35.7581816022721,9.27240124204336
186.1955859430728,3.54019485405996,6.665611527838485,9.27240124204336
51.670412966313,1.834075275926286,54.482022719873775,9.27240124204336
92.53353094276947,1.540648199434243,15.050598740199108,9.27240124204336
16.22425603617627,1.5336944597629358,47.74652395520096,9.27240124204336
140.52426069351063,2.4464934439339503,11.744237220461988,9.27240124204336
75.79873816001962,1.266250482589917,42.73603741757936,9.27240124204336
71.46757479552355,2.093696956665528,1.717876628093033,9.27240124204336
35.769576739508054,2.4038258618840094,77.70197927340594,9.27240124204336
22.140202586897004,1.3417715611440415,77.79088265221232,9.27240124204336
30.39671812183677,3.269211182619172,75.55449514617928,9.27240124204336
40.32562164188239,7.068651910720591,32.82771229980349,9.27240124204336
125.40653120864948,1.3633671608252405,24.44960726380865,9.27240124204336
16.7043904635995,2.861161399688156,62.32181374547322,9.27240124204336
25.16737782429929,1.5017080374344962,17.010887145083814,9.27240124204336
47.828920628496896,3.140188075839184,25.63875753093046,9.27240124204336
288.74978275145384,4.744228800883483,2.927493096946099,9.27240124204336
17.59116845320978,1.8808584298147288,12.828431910897534,9.27240124204336
16.908758917777337,1.4046705195380635,9.347958672785762,9.27240124204336
49.33308236324539,2.1186621836346595,86.10292416430667,9.27240124204336
71.62319588898022,1.3203517460411325,75.42724624805594,9.27240124204336
43.81992321788975,1.2260858755106685,10.173739045375177,9.27240124204336
104.4553335032186,1.6066461588808565,9.351834218202056,9.27240124204336
72.73772871932084,1.2712041876662457,76.41309205377084,9.27240124204336
18.822474323492926,1.984499988575156,19.218046265913976,9.27240124204336
17.338565600837835,2.2709594163388305,23.54679188354254,9.27240124204336
23.026212475847963,1.5801249439384843,24.36083846349165,9.27240124204336
19.084093331244585,3.552432916823653,14.980528638550442,9.27240124204336
19.6128948591002,2.8660767482694984,12.909169355311668,9.27240124204336
11.119670366669247,1.2891120924818766,87.57512813848014,9.27240124204336
11.119670366669247,1.2891120924818766,87.57512813848014,130.01692191171904
11.119670366669247,1.2891120924818766,87.57512813848014,160.49474476106604
11.119670366669247,1.2891120924818766,87.57512813848014,89.60195542830081
11.119670366669247,1.2891120924818766,87.57512813848014,122.60062454140834
11.119670366669247,1.2891120924818766,87.57512813848014,61.20560789934533
11.119670366669247,1.2891120924818766,87.57512813848014,237.9232154369173
11.119670366669247,1.2891120924818766,87.57512813848014,185.89895693490865
11.119670366669247,1.2891120924818766,87.57512813848014,85.5254944273125
11.119670366669247,1.2891120924818766,87.57512813848014,83.38303746910148
11.119670366669247,1.2891120924818766,87.57512813848014,61.25668847544906
11.119670366669247,1.2891120924818766,87.57512813848014,68.32206106886386
11.119670366669247,1.2891120924818766,87.57512813848014,26.84568902835504
11.119670366669247,1.2891120924818766,87.57512813848014,103.448369531165
11.119670366669247,1.2891120924818766,87.57512813848014,37.455740065464354
11.119670366669247,1.2891120924818766,87.57512813848014,84.10759255976369
11.119670366669247,1.2891120924818766,87.57512813848014,58.97456314460799
11.119670366669247,1.2891120924818766,87.57512813848014,47.96941439388774
11.119670366669247,1.2891120924818766,87.57512813848014,112.80776957560988
11.119670366669247,1.2891120924818766,87.57512813848014,135.20080060080642
11.119670366669247,1.2891120924818766,87.57512813848014,46.01999537041005
11.119670366669247,1.2891120924818766,87.57512813848014,124.49810951956424
11.119670366669247,1.2891120924818766,87.57512813848014,194.38883732942105
11.119670366669247,1.2891120924818766,87.57512813848014,236.25963011485192
106.36224805827192,3.1220642228848177,87.64995943818252,236.25963011485192
44.61985765875241,2.797735729619853,69.19966034447228,236.25963011485192
59.98582135027542,1.2298895605630114,73.71175937260067,236.25963011485192
39.71458930776621,1.6304501585523088,73.8074068272991,236.25963011485192
149.02869756853065,4.127777431696584,51.85158376717219,236.25963011485192
23.82007515718941,2.675832168348142,76.69393811482527,236.25963011485192
34.164932165505576,6.695910740613326,15.988494907743553,236.25963011485192
88.31067165985323,1.2092996768954978,78.62995325669382,236.25963011485192
23.48471602899773,4.79545904418112,13.1225624814798,236.25963011485192
24.280142033115293,2.32024547082992,29.324355607169785,236.25963011485192
21.319411041117117,1.9272180211421177,89.28824109494398,236.25963011485192
23.526161233480888,1.4518116627574265,57.09865693977104,236.25963011485192
90.57804644827183,1.3190052258618177,59.99081460479065,236.25963011485192
29.05579329780233,1.214037322741885,15.655981472053972,236.25963011485192
28.61351262635446,1.8663024637684265,48.39812615525882,236.25963011485192
61.37584839350571,2.524322463765411,36.37852646767898,236.25963011485192
37.06711241578417,1.610790148820388,80.68778604315622,236.25963011485192
184.46915714216868,3.735149238139052,87.87336468695322,236.25963011485192
18.02653299433855,3.5546096822274715,41.91958864098872,236.25963011485192
55.94385667441789,1.547639652131612,70.49587218307566,236.25963011485192
72.77433686953567,1.4496606536434151,12.687533105102432,236.25963011485192
67.00870016707401,1.4786783641615957,57.50657026329644,236.25963011485192
40.14405717793687,6.487280207884156,43.39964336797059,236.25963011485192
22.72883996417612,1.5164786581113574,63.52149229492488,236.25963011485192
60.828036060545344,1.1066935149570762,55.6675085107987,236.25963011485192
62.61378985401878,1.560974640294804,21.916893267962397,236.25963011485192
22.97262470988285,4.7983180287621865,63.166386372017215,236.25963011485192
36.50786183999767,5.105274847793324,6.704811326097837,236.25963011485192
25.577975427359828,1.774153636739343,57.391095176442285,236.25963011485192
111.3418078170847,2.4181400490355887,22.88479545727021,236.25963011485192
97.10591094250934,2.7537425004133524,83.6154330801551,236.25963011485192
97.10591094250934,2.7537425004133524,83.6154330801551,153.60569738979066
97.10591094250934,2.7537425004133524,83.6154330801551,119.37463014810096
97.10591094250934,2.7537425004133524,83.6154330801551,76.06682989293182
97.10591094250934,2.7537425004133524,83.6154330801551,97.98677593691332
97.10591094250934,2.7537425004133524,83.6154330801551,37.67673737727977
97.10591094250934,2.7537425004133524,83.6154330801551,53.33955040902784
97.10591094250934,2.7537425004133524,83.6154330801551,7.540283095116512
97.10591094250934,2.7537425004133524,83.6154330801551,81.48486573486119
97.10591094250934,2.7537425004133524,83.6154330801551,105.32045108873548
97.10591094250934,2.7537425004133524,83.6154330801551,79.35720033614334
97.10591094250934,2.7537425004133524,83.6154330801551,69.7053722515873
97.10591094250934,2.7537425004133524,83.6154330801551,141.07843120540443
97.10591094250934,2.7537425004133524,83.6154330801551,14.270184725536495
97.10591094250934,2.7537425004133524,83.6154330801551,107.58652202332026
97.10591094250934,2.7537425004133524,83.6154330801551,64.03788185255152
97.10591094250934,2.7537425004133524,83.6154330801551,71.80126405946531
97.10591094250934,2.7537425004133524,83.6154330801551,66.99402840091238
97.10591094250934,2.7537425004133524,83.6154330801551,33.90190913542448
97.10591094250934,2.7537425004133524,83.6154330801551,179.57744748826306
97.10591094250934,2.7537425004133524,83.6154330801551,197.0595233737416
56.51865852035199,6.01426004798272,87.45551450984684,197.0595233737416
248.76590269960985,2.373376536668202,45.200263849534025,197.0595233737416
64.23613947499605,1.5299837275158303,89.58786526432785,197.0595233737416
76.0564403634928,1.4962538596299215,72.87339677205925,197.0595233737416
45.85389992258346,1.198121070239313,26.776007093127102,197.0595233737416
97.21160473571936,3.2350898618901023,34.62937165511818,197.0595233737416
33.09970659802894,3.0382450691370844,80.96867856130656,197.0595233737416
29.911774416544706,3.848316051933601,9.251102600600715,197.0595233737416
66.22756873062686,1.5582640998177473,33.313458135034544,197.0595233737416
41.57185703935808,2.413943324595561,9.04290090969033,197.0595233737416
50.76499807627947,3.002857640427338,25.89033599693336,197.0595233737416
18.90321461415718,3.196618868307371,11.02941326903306,197.0595233737416
145.75147464925314,2.770217279891445,26.621133995814336,197.0595233737416
20.91536658459285,1.9916523227650624,42.21413358322315,197.0595233737416
42.61351852842258,1.5693648309900603,85.4606236085025,197.0595233737416
29.229674469222637,1.1133650316866452,44.15669862032856,197.0595233737416
44.57847522488926,2.3515314858122665,3.281773083711056,197.0595233737416
33.85423189904934,2.4604319600377296,30.72039680124851,197.0595233737416
27.18740850665546,1.167229429926619,11.84404486020576,197.0595233737416
39.76859852440113,1.2614267006017,30.68955886681649,197.0595233737416
21.670773543256743,3.067125281228632,68.0126567654121,197.0595233737416
59.454102666311925,10.053522673006112,0.5664114856618555,197.0595233737416
51.000725507416384,9.016359233878324,10.790880250479928,197.0595233737416
29.432203693979925,3.673994794901988,59.823398834923374,197.0595233737416
27.94529794922665,6.127108799687815,9.268519572771352,197.0595233737416
357.79201701347773,2.635758150549327,79.13586350691155,197.0595233737416
106.9749964706817,1.226935727352607,65.80166906609675,197.0595233737416
44.248267564947625,4.049639659973537,16.599753655732,197.0595233737416
146.302424802313,3.312979115968392,21.29778266498519,197.0595233737416
20.227012703847294,1.7292853645601447,64.1577664171401,197.0595233737416
33.82289036710039,5.203933053532433,13.23411502555646,197.0595233737416
16.826243544397776,3.056230917494158,76.29600852374574,197.0595233737416
43.55534468503402,1.7498237928611229,33.967999433138566,197.0595233737416
43.55534468503402,1.7498237928611229,33.967999433138566,11.288021181247911
43.55534468503402,1.7498237928611229,33.967999433138566,137.90157659259316
43.55534468503402,1.7498237928611229,33.967999433138566,104.31823269738364
43.55534468503402,1.7498237928611229,33.967999433138566,29.741677497217218
43.55534468503402,1.7498237928611229,33.967999433138566,48.11275376244904
43.55534468503402,1.7498237928611229,33.967999433138566,88.44422663372389
43.55534468503402,1.7498237928611229,33.967999433138566,116.88249966579733
43.55534468503402,1.7498237928611229,33.967999433138566,135.57973427703814
43.55534468503402,1.7498237928611229,33.967999433138566,118.36497385168217
43.55534468503402,1.7498237928611229,33.967999433138566,144.5172793216175
43.55534468503402,1.7498237928611229,33.967999433138566,88.14786426182445
43.55534468503402,1.7498237928611229,33.967999433138566,85.25224359580275
43.55534468503402,1.7498237928611229,33.967999433138566,107.05818822340646
43.55534468503402,1.7498237928611229,33.967999433138566,60.95884426513439
43.55534468503402,1.7498237928611229,33.967999433138566,54.76850996689591
43.55534468503402,1.7498237928611229,33.967999433138566,29.922155893293848
43.55534468503402,1.7498237928611229,33.967999433138566,20.49790568705972
43.55534468503402,1.7498237928611229,33.967999433138566,15.30588782159278
43.55534468503402,1.7498237928611229,33.967999433138566,19.005740502698504
43.55534468503402,1.7498237928611229,33.967999433138566,59.61125303690709
23.169288479943877,4.330107944284956,36.43981804960486,59.61125303690709
16.570735448465726,2.2186520752835723,8.62386914092199,59.61125303690709
124.7708520039736,1.5496069233329026,87.41231125428223,59.61125303690709
33.99050479661694,2.2306478967941863,17.31092683958165,59.61125303690709
40.19191398963747,4.357082615826757,87.93472198840776,59.61125303690709
28.22681618234502,2.6275781053769576,80.17065193474662,59.61125303690709
40.39597456900927,1.698697221861594,58.54402533000194,59.61125303690709
22.806299450476395,6.030736187195694,86.69871797059534,59.61125303690709
42.25538232598438,1.2936617719114305,85.00722646285766,59.61125303690709
110.98606656054518,1.693569852008863,80.51923015181835,59.61125303690709
82.31499782562695,1.8681754804691213,72.24542711687033,59.61125303690709
55.71017293773853,1.4229812122378689,54.16521005517345,59.61125303690709
48.385000782000674,1.0411668654889925,45.07990804537762,59.61125303690709
69.47873641757542,1.5567771567085196,18.048379123328992,59.61125303690709
60.73978529071051,1.32025403379588,19.41210423676956,59.61125303690709
40.70370915057334,1.3307633945031436,33.815873625168955,59.61125303690709
17.095292231193238,3.3052110674842483,10.93455982567686,59.61125303690709
98.3887717594944,2.2467266064819302,8.844774639416494,59.61125303690709
37.78580649712608,3.319432435976887,4.240515352492358,59.61125303690709
46.88853228658907,1.1682903131178417,19.493390992833596,59.61125303690709
40.357316522175,1.7327627605003149,40.32771176299105,59.61125303690709
24.89594638749368,1.2035543452843924,49.11760364442045,59.61125303690709
73.4828760061961,1.3844214044999708,59.42106732029652,59.61125303690709
31.263570881528963,4.785238241826692,24.843423668574683,59.61125303690709
26.210856713475906,1.5382474660622552,31.97471706862642,59.61125303690709
40.69749777067423,6.055225173816418,48.17823236828616,59.61125303690709
27.103997404297463,3.4182733837788826,34.43105133134107,59.61125303690709
29.21090323136417,4.00150458464323,42.07209637645109,59.61125303690709
24.523357797109792,5.832427560436146,83.53043907857283,59.61125303690709
36.21429641486262,4.528198059970842,28.999760878315342,59.61125303690709
36.21429641486262,4.528198059970842,28.999760878315342,22.09032242871504
36.21429641486262,4.528198059970842,28.999760878315342,57.68642106840755
36.21429641486262,4.528198059970842,28.999760878315342,82.78956523514545
36.21429641486262,4.528198059970842,28.999760878315342,90.53429476883204
36.21429641486262,4.528198059970842,28.999760878315342,69.72335066754768
36.21429641486262,4.528198059970842,28.999760878315342,134.49782841606532
36.21429641486262,4.528198059970842,28.999760878315342,11.741618379040018
36.21429641486262,4.528198059970842,28.999760878315342,58.642736320656425
36.21429641486262,4.528198059970842,28.999760878315342,46.30125362510964
36.21429641486262,4.528198059970842,28.999760878315342,56.80603984790057
36.21429641486262,4.528198059970842,28.999760878315342,78.75488826671449
36.21429641486262,4.528198059970842,28.999760878315342,52.24474977126429
36.21429641486262,4.528198059970842,28.999760878315342,17.47732503725165
36.21429641486262,4.528198059970842,28.999760878315342,103.9955026155013
36.21429641486262,4.528198059970842,28.999760878315342,37.1779887824201
36.21429641486262,4.528198059970842,28.999760878315342,69.04827657385755
36.21429641486262,4.528198059970842,28.999760878315342,60.63692790922416
36.21429641486262,4.528198059970842,28.999760878315342,62.26127052529943
36.21429641486262,4.528198059970842,28.999760878315342,127.92753803304474
36.21429641486262,4.528198059970842,28.999760878315342,109.73770733730676
36.21429641486262,4.528198059970842,28.999760878315342,283.763502524092
36.21429641486262,4.528198059970842,28.999760878315342,161.37380304657734
326.66826397921835,2.6073436697029067,60.20810852106676,161.37380304657734
236.92299484285056,1.5437367321830433,5.682596313297991,161.37380304657734
31.962231055647003,3.216110693732233,59.578505448120325,161.37380304657734
12.932755916470567,1.343849100917876,39.844687817825125,161.37380304657734
53.353118303663926,6.014470280561489,48.98053279250996,161.37380304657734
44.114815458063504,2.0076541985539005,75.25211003590469,161.37380304657734
63.79353481926066,1.3759620211292478,73.63731035308557,161.37380304657734
60.90334675786513,2.2578090978926046,72.99507214888249,161.37380304657734
85.08272279008206,2.238356463088917,29.910494892377997,161.37380304657734
139.09032021781158,2.7321997508904365,22.97438903938481,161.37380304657734
26.30410515482902,3.263479837559472,59.18809153887076,161.37380304657734
110.08965560492844,2.8370742644638485,77.36732465098535,161.37380304657734
40.973540969819226,4.644011456416052,58.13111667032159,161.37380304657734
66.27336612650896,2.800002240569029,44.62961848267555,161.37380304657734
72.06846281222668,2.087509665317376,89.6280567952509,161.37380304657734
34.98287137242701,2.5177275026130177,80.6471587189482,161.37380304657734
42.10049350454666,1.562424826651707,59.21502492200027,161.37380304657734
26.34701413347545,1.5700058321236914,24.5653790794809,161.37380304657734
30.249661906460428,3.328460168127912,19.090247528247737,161.37380304657734
41.556136019687045,1.7631960926666943,45.12748548656965,161.37380304657734
12.876504385983475,1.286726054127209,17.743742580891766,161.37380304657734
44.32593337940999,4.87567890785545,1.0904878544836405,161.37380304657734
38.95854904793458,1.1525756814857946,72.78980642843936,161.37380304657734
66.46338315492339,1.318181127299114,80.59028131480555,161.37380304657734
18.69790886695761,4.144161207109877,25.10104392021137,161.37380304657734
34.23062211394423,1.7136725882089587,26.565162910726887,161.37380304657734
66.15379155838191,1.5030277525036444,2.9160251810450117,161.37380304657734
37.45755031719028,1.1840510038293548,43.49975740700091,161.37380304657734
42.398941504754845,1.665547976415813,88.70292089746361,161.37380304657734
98.62860986333344,1.4771004152283338,60.07874077740672,161.37380304657734
96.849648270472,1.3000050896241933,31.15447073618089,161.37380304657734
16.23033047176977,1.965179354143344,23.41536704081513,161.37380304657734
16.23033047176977,1.965179354143344,23.41536704081513,144.8624763580408
16.23033047176977,1.965179354143344,23.41536704081513,151.44330171433083
16.23033047176977,1.965179354143344,23.41536704081513,146.50555943889404
16.23033047176977,1.965179354143344,23.41536704081513,34.40808865130795
16.23033047176977,1.965179354143344,23.41536704081513,41.72984950968449
16.23033047176977,1.965179354143344,23.41536704081513,18.396511858850484
16.23033047176977,1.965179354143344,23.41536704081513,63.04973254903978
16.23033047176977,1.965179354143344,23.41536704081513,114.56093934183608
16.23033047176977,1.965179354143344,23.41536704081513,75.25857900797365
16.23033047176977,1.965179354143344,23.41536704081513,56.42357042948044
16.23033047176977,1.965179354143344,23.41536704081513,86.25026844396325
16.23033047176977,1.965179354143344,23.41536704081513,103.45820723178058
16.23033047176977,1.965179354143344,23.41536704081513,182.39157589071743
16.23033047176977,1.965179354143344,23.41536704081513,81.69778126332358
16.23033047176977,1.965179354143344,23.41536704081513,87.62286098659222
16.23033047176977,1.965179354143344,23.41536704081513,108.30956157023157
16.23033047176977,1.965179354143344,23.41536704081513,66.17997767430363
16.23033047176977,1.965179354143344,23.41536704081513,101.90918993273309
16.23033047176977,1.965179354143344,23.41536704081513,20.04631206553697
16.23033047176977,1.965179354143344,23.41536704081513,94.1000205736152
16.23033047176977,1.965179354143344,23.41536704081513,41.75152605930844
16.23033047176977,1.965179354143344,23.41536704081513,108.94636858166729
16.23033047176977,1.965179354143344,23.41536704081513,195.24325232773748
16.23033047176977,1.965179354143344,23.41536704081513,15.134799066192818
16.23033047176977,1.965179354143344,23.41536704081513,76.08670510726496
16.23033047176977,1.965179354143344,23.41536704081513,21.248606034138632
16.23033047176977,1.965179354143344,23.41536704081513,5.137330321023315
16.23033047176977,1.965179354143344,23.41536704081513,80.33310176328595
16.23033047176977,1.965179354143344,23.41536704081513,92.5633812190966
16.23033047176977,1.965179354143344,23.41536704081513,102.22374617775895
16.23033047176977,1.965179354143344,23.41536704081513,69.49678589619707
16.23033047176977,1.965179354143344,23.41536704081513,69.07413608204182
16.23033047176977,1.965179354143344,23.41536704081513,46.44207401946807
16.23033047176977,1.965179354143344,23.41536704081513,187.89848318842112
16.23033047176977,1.965179354143344,23.41536704081513,86.06243287683291
62.57233012169335,1.2391538000800482,6.309519570825421,86.06243287683291
38.33540466163983,2.2686311608535985,70.13452410778477,86.06243287683291
202.05732288025243,4.786124871466655,55.10087380479834,86.06243287683291
26.894788867215468,2.132778536791599,51.52925845032205,86.06243287683291
30.84412486259678,1.2058495801377416,86.66605428062796,86.06243287683291
69.4296749880538,1.8095286162629027,44.7795603835642,86.06243287683291
26.50234776940328,5.455675370743422,82.41466050225743,86.06243287683291
48.90933292789004,2.285895170561853,84.74623402443642,86.06243287683291
29.60153844585045,2.484888743645866,22.7873884906782,86.06243287683291
42.36913683099963,2.943278770313543,8.173790499250176,86.06243287683291
47.07983617056252,3.311276615611924,58.34766303499424,86.06243287683291
23.57413859417268,2.578931769841588,36.91965719320744,86.06243287683291
91.79597520267777,2.880879625563551,83.24025653842064,86.06243287683291
70.88129259491376,1.9759645128336112,67.36997489851099,86.06243287683291
71.8161917157653,1.8269809511350652,52.27910078668104,86.06243287683291
41.06383408938928,1.0725113761090257,19.533212427067166,86.06243287683291
82.81953559676705,1.8380198851044147,3.7573856431787953,86.06243287683291
239.09262315826984,1.3035649553368984,24.638511033022294,86.06243287683291
36.19400125893742,1.8465276587658075,74.2823839524587,86.06243287683291
32.69158765360519,1.1264692603449489,48.57341110764302,86.06243287683291
137.39823860632393,2.3655530693925533,54.9898597262731,86.06243287683291
18.888712084233912,1.3112941934877838,65.47846114197108,86.06243287683291
357.39095023988773,3.867383118694729,39.99929080037325,86.06243287683291
148.86144068662028,4.221480598267705,17.12209570446412,86.06243287683291
14.665646004783705,2.037802477065872,25.92350610334915,86.06243287683291
297.3588948882859,2.2450513979204394,15.9241114334005,86.06243287683291
123.10143656500452,3.2454729475253856,19.095607427733444,86.06243287683291
108.79969360115152,3.006929138182351,25.005406402333016,86.06243287683291
24.12798955122826,1.0684333644505923,71.23842121011714,86.06243287683291
51.53707558343461,2.886744362145955,19.51055780324736,86.06243287683291
31.937200865516647,3.484548672788954,59.03102831902451,86.06243287683291
40.11157226455022,1.5235942743631845,14.58472314132548,86.06243287683291
22.960951388083448,1.8949041405996192,76.87667685273146,86.06243287683291
95.94800536136208,2.298289852381868,13.468034816825138,86.06243287683291
15.656763654249684,1.0629352097423734,42.81588676119846,86.06243287683291
23.980910489233818,3.8596854543965353,3.133352345981324,86.06243287683291
111.50480302606206,1.7439315820583507,17.132360974661758,86.06243287683291
56.4929234127134,1.981842100362956,36.55558727310501,86.06243287683291
20.4489370944072,1.2100422041914909,71.85619522472031,86.06243287683291
42.59498154990023,1.139522145355788,68.98357799078327,86.06243287683291
145.16245738512993,3.590340176655609,77.18516578139902,86.06243287683291
45.72902571774612,1.6973656739741332,20.72858862317953,86.06243287683291
105.33342544240884,1.7708803698689946,89.81125018622541,86.06243287683291
57.40743566417333,2.8510318832919723,35.78856067099008,86.06243287683291
86.62288886310651,1.266566169076749,53.17726292507032,86.06243287683291
23.958987086883088,3.6901736447245232,54.3181796698291,86.06243287683291
70.52510391156252,2.042719518773008,2.051703646265356,86.06243287683291
50.65116798607244,4.457454544705986,10.761762215258932,86.06243287683291
55.75208374504534,4.39552129467371,12.248111575270377,86.06243287683291
47.76832646541002,2.1978295475258878,11.947536312168216,86.06243287683291
47.76832646541002,2.1978295475258878,11.947536312168216,199.57641297016133
47.76832646541002,2.1978295475258878,11.947536312168216,109.0463089280818
47.76832646541002,2.1978295475258878,11.947536312168216,327.05130508812584
47.76832646541002,2.1978295475258878,11.947536312168216,77.1582246916472
47.76832646541002,2.1978295475258878,11.947536312168216,98.99147963891836
47.76832646541002,2.1978295475258878,11.947536312168216,112.69640922300806
47.76832646541002,2.1978295475258878,11.947536312168216,165.84671232389965
47.76832646541002,2.1978295475258878,11.947536312168216,22.99175920260131
47.76832646541002,2.1978295475258878,11.947536312168216,74.88481123842372
47.76832646541002,2.1978295475258878,11.947536312168216,120.86070935543644
47.76832646541002,2.1978295475258878,11.947536312168216,79.69662623935507
47.76832646541002,2.1978295475258878,11.947536312168216,107.80238758787335
47.76832646541002,2.1978295475258878,11.947536312168216,142.46520342316336
47.76832646541002,2.1978295475258878,11.947536312168216,100.95570733834649
47.76832646541002,2.1978295475258878,11.947536312168216,169.19355902267563
47.76832646541002,2.1978295475258878,11.947536312168216,48.20719766769472
47.76832646541002,2.1978295475258878,11.947536312168216,137.66762461242143
47.76832646541002,2.1978295475258878,11.947536312168216,85.08457784327148
47.76832646541002,2.1978295475258878,11.947536312168216,21.824338526879835
47.76832646541002,2.1978295475258878,11.947536312168216,132.84572695267383
47.76832646541002,2.1978295475258878,11.947536312168216,51.51515922628336
47.76832646541002,2.1978295475258878,11.947536312168216,32.57378638195219
47.76832646541002,2.1978295475258878,11.947536312168216,44.04617378880303
47.76832646541002,2.1978295475258878,11.947536312168216,190.828778205997
47.76832646541002,2.1978295475258878,11.947536312168216,95.02630845108136
47.76832646541002,2.1978295475258878,11.947536312168216,11.0415548226168
47.76832646541002,2.1978295475258878,11.947536312168216,181.20155711517592
47.76832646541002,2.1978295475258878,11.947536312168216,14.738097487199717
47.76832646541002,2.1978295475258878,11.947536312168216,140.18066843623845
23.34393158991302,5.967507059519481,0.6765153385373529,140.18066843623845
21.66589351772947,2.043255631474432,29.328647104408304,140.18066843623845
100.86439782439888,2.5204623532348087,46.87265709986831,140.18066843623845
17.58257062924536,1.9221096998662703,68.02650037276229,140.18066843623845
114.74029694713651,1.531382081810415,62.68160362333841,140.18066843623845
29.12999594674184,1.2276646903083988,62.314487977603946,140.18066843623845
25.44517124300731,1.840195181565916,27.937805268074232,140.18066843623845
30.99957503313591,1.813711086934908,4.650129074765889,140.18066843623845
54.25709795144689,2.928423139499525,12.731954811874829,140.18066843623845
19.777214172331743,1.541853770954583,79.85752177478886,140.18066843623845
24.733097231269312,1.395970216305341,88.36726962110806,140.18066843623845
25.50656312168288,6.844883878502156,0.7436588722222119,140.18066843623845
148.03694072922312,4.448653031523349,16.855861306774536,140.18066843623845
75.65649185260179,1.4103026838118924,14.472358475063103,140.18066843623845
52.46936608622335,1.842401578470068,19.149289407003515,140.18066843623845
38.46949727619637,1.8760222321884048,24.16362035086892,140.18066843623845
33.320238986736804,1.446085944525003,60.74464899615651,140.18066843623845
21.581246172052683,3.4439911212929823,17.491668650205497,140.18066843623845
47.07168173726571,1.8210917057306368,13.147249910761449,140.18066843623845
40.59070292981045,1.3084169901519775,33.47203612722192,140.18066843623845
31.309559623092824,1.6213609325423162,3.3279454420710963,140.18066843623845
36.677083939105344,1.3625886842396395,54.698867202733176,140.18066843623845
40.379715477361806,1.464713042150496,8.48477056192412,140.18066843623845
70.63030278352292,1.7592459433498029,31.78178512471608,140.18066843623845
35.190165796619986,2.2984627218096114,26.30879019374869,140.18066843623845
377.5922759116362,1.2628086747749692,19.69340507900037,140.18066843623845
24.87122693257241,1.336668426474842,58.62919776958387,140.18066843623845
39.181746591856665,2.61343030772733,72.89503246369982,140.18066843623845
45.47891528839491,3.445445252541901,12.63890604073091,140.18066843623845
19.893243237823423,1.969883586536258,40.07981130064443,140.18066843623845
19.18750810225304,1.8084930180937184,29.34752218518145,140.18066843623845
25.405991476386315,1.8272016974407683,16.742252396423332,140.18066843623845
20.50135258563884,1.8039685424837464,80.49295931275228,140.18066843623845
34.156190096770416,1.8399640670261024,85.58665170648229,140.18066843623845
77.2249343919091,6.717925107672502,21.911912208528165,140.18066843623845
11.720631118865269,1.172404923172251,43.0322383028832,140.18066843623845
61.42885388734173,1.533036612155556,17.832333887666813,140.18066843623845
49.81030731287347,1.771408222259632,18.33505131547997,140.18066843623845
34.94698149211894,1.9670483518550543,50.424528218298335,140.18066843623845
25.169738793836228,2.7496747462959434,10.218729633906037,140.18066843623845
22.772816560282948,3.643170402798492,14.512237707609858,140.18066843623845
14.855250493985176,1.2671755490177457,60.998314260508266,140.18066843623845
20.804319220641904,2.756174382511327,88.3841927167967,140.18066843623845
20.804319220641904,2.756174382511327,88.3841927167967,181.8598273940918
20.804319220641904,2.756174382511327,88.3841927167967,35.41423264962653
20.804319220641904,2.756174382511327,88.3841927167967,170.40611770852178
20.804319220641904,2.756174382511327,88.3841927167967,145.34849571395796
20.804319220641904,2.756174382511327,88.3841927167967,94.42210023710852
20.804319220641904,2.756174382511327,88.3841927167967,88.16767122768177
20.804319220641904,2.756174382511327,88.3841927167967,139.2348400348448
20.804319220641904,2.756174382511327,88.3841927167967,6.547639495796984
20.804319220641904,2.756174382511327,88.3841927167967,83.00852552205669
20.804319220641904,2.756174382511327,88.3841927167967,317.851873695777
20.804319220641904,2.756174382511327,88.3841927167967,88.1711764866507
20.804319220641904,2.756174382511327,88.3841927167967,128.88381787608026
20.804319220641904,2.756174382511327,88.3841927167967,144.19388152557485
20.804319220641904,2.756174382511327,88.3841927167967,24.056882167308768
20.804319220641904,2.756174382511327,88.3841927167967,223.2631961038516
20.804319220641904,2.756174382511327,88.3841927167967,176.34613521929563
20.804319220641904,2.756174382511327,88.3841927167967,82.25022780639348
20.804319220641904,2.756174382511327,88.3841927167967,93.2796099082405
20.804319220641904,2.756174382511327,88.3841927167967,55.724740595628
20.804319220641904,2.756174382511327,88.3841927167967,240.5974686541025
20.804319220641904,2.756174382511327,88.3841927167967,131.19605259456495
99.4538664673068,2.819967028134577,71.38507699245037,131.19605259456495
99.14662689930022,5.054764191720254,14.286850468127351,131.19605259456495
59.2020764011214,1.8487617658938529,15.757737332554823,131.19605259456495
100.62208776515668,1.7424933922904915,47.24528339611941,131.19605259456495
56.15887542428092,1.290910626852486,56.714987617314144,131.19605259456495
23.440581450426176,2.385027500565474,13.222468889152564,131.19605259456495
14.29246433149699,1.793854530078753,18.073192198060596,131.19605259456495
45.62285179148596,1.267606208732366,69.2491603742808,131.19605259456495
153.59256199631693,3.7761877736515457,6.734264966302873,131.19605259456495
79.65957543054161,1.187986067476319,39.72491106270519,131.19605259456495
55.60278460991506,1.8364751097659813,13.877391286537827,131.19605259456495
254.02146527881877,2.491974281180101,24.944769671844767,131.19605259456495
119.70747527702532,1.620697521190912,28.75777460365334,131.19605259456495
107.94532541558492,1.8936319739998249,54.855185654434486,131.19605259456495
201.96210557643303,4.305878203112274,33.70937435305589,131.19605259456495
20.12077928171681,2.420169633035302,30.910914815442485,131.19605259456495
40.02937398598871,5.424647827592295,8.344929995419411,131.19605259456495
222.9384289898942,3.2159586560106552,51.2412933938979,131.19605259456495
408.0964750465728,3.871074799310503,29.796324893226707,131.19605259456495
38.98206617214476,2.5198411517720127,4.288512716082546,131.19605259456495
48.24301034910351,1.9424961568814303,48.34933020902752,131.19605259456495
28.74159008746805,1.420711248466235,20.918524542820197,131.19605259456495
38.13261632843909,2.241612328694752,45.81976115982242,131.19605259456495
109.21771980311972,1.5635469481498454,1.742990326494279,131.19605259456495
45.8900196170967,1.5560904877927142,22.540991301989465,131.19605259456495
61.488457482050975,2.5973370119661725,22.90756731537753,131.19605259456495
55.75206088778036,2.4255473089785484,30.490134837566654,131.19605259456495
42.30778771412716,8.536691537986107,5.9574841507570175,131.19605259456495
30.184413315457277,2.3220863997833883,14.722841822078802,131.19605259456495
44.46589193779123,2.574319614173654,89.04120779560841,131.19605259456495
44.46589193779123,2.574319614173654,89.04120779560841,85.57536828269659
44.46589193779123,2.574319614173654,89.04120779560841,147.3013165204399
44.46589193779123,2.574319614173654,89.04120779560841,40.43504045517006
44.46589193779123,2.574319614173654,89.04120779560841,54.99376930218752
44.46589193779123,2.574319614173654,89.04120779560841,303.5447766593569
44.46589193779123,2.574319614173654,89.04120779560841,120.8079123544779
44.46589193779123,2.574319614173654,89.04120779560841,28.899790492195677
44.46589193779123,2.574319614173654,89.04120779560841,103.16173228966468
44.46589193779123,2.574319614173654,89.04120779560841,151.33550400236962
44.46589193779123,2.574319614173654,89.04120779560841,44.69474744446655
44.46589193779123,2.574319614173654,89.04120779560841,55.54576430780881
44.46589193779123,2.574319614173654,89.04120779560841,96.08887366327669
44.46589193779123,2.574319614173654,89.04120779560841,109.22707737927496
44.46589193779123,2.574319614173654,89.04120779560841,47.89110897849998
44.46589193779123,2.574319614173654,89.04120779560841,149.00932715397434
44.46589193779123,2.574319614173654,89.04120779560841,74.93525720778042
44.46589193779123,2.574319614173654,89.04120779560841,121.12250735989645
44.46589193779123,2.574319614173654,89.04120779560841,135.20657893906554
44.46589193779123,2.574319614173654,89.04120779560841,128.54550451990443
44.46589193779123,2.574319614173654,89.04120779560841,178.6297472316336
44.46589193779123,2.574319614173654,89.04120779560841,115.58615685181697
44.46589193779123,2.574319614173654,89.04120779560841,123.77915833611038
44.46589193779123,2.574319614173654,89.04120779560841,205.11304150446605
40.39115277686288,4.828225848431796,57.47874691792981,205.11304150446605
149.43698144289243,1.788945475915892,66.92628597755889,205.11304150446605
31.541441423659094,2.9653139846042857,0.0622106766075421,205.11304150446605
69.05481002399661,1.9670995805077427,44.30555802229841,205.11304150446605
30.21686961687551,3.243938980105209,89.51177447244274,205.11304150446605
125.56102897258232,1.362134557968731,45.7862637427292,205.11304150446605
118.42813886728425,1.7564115073901867,55.45666479925897,205.11304150446605
29.93659198248793,1.9001953670465077,29.69481719185525,205.11304150446605
28.624090296309586,1.2289418928747984,84.93511932934194,205.11304150446605
57.43283445732493,2.411067430244326,47.69088075345465,205.11304150446605
59.0007547911448,1.4306555077355,73.98285184182687,205.11304150446605
249.9547316803172,3.0391138498794854,17.211242564070886,205.11304150446605
140.5546015075164,2.8523030440792705,23.51074734561848,205.11304150446605
12.938562824049802,1.7445731525253376,51.74447462647096,205.11304150446605
28.64683076670429,7.970476919078568,9.943117553733378,205.11304150446605
125.97111563512456,1.154396322460919,14.689710486631707,205.11304150446605
69.6653378604309,1.9895804568389808,9.46964904392495,205.11304150446605
64.5147824213136,3.565454882562515,20.93764021925136,205.11304150446605
79.1151783415753,2.430556709171409,53.048992671941086,205.11304150446605
102.62843949708834,3.144844072730653,25.550349570424878,205.11304150446605
200.95178650543755,1.991194072017777,41.98505832606762,205.11304150446605
43.857383851763984,2.115333700960269,65.99203319234417,205.11304150446605
160.8589493889748,2.819526666855781,41.43564603422461,205.11304150446605
61.39753828104694,1.2685649988008396,27.75468491106218,205.11304150446605
73.33069372470436,2.355517518703353,0.8970974589705656,205.11304150446605
39.6352023073627,7.874287939765612,10.901328726507494,205.11304150446605
205.22768468191825,1.5675434267391817,44.27310773853814,205.11304150446605
74.99384407720044,2.221621197244921,6.779435459811589,205.11304150446605
105.84596424467192,1.820617740266646,38.18170071302154,205.11304150446605
30.841500517882267,3.179351915561771,75.2701029807821,205.11304150446605
30.841500517882267,3.179351915561771,75.2701029807821,97.85277650223348
30.841500517882267,3.179351915561771,75.2701029807821,216.59779228107996
30.841500517882267,3.179351915561771,75.2701029807821,64.72116644190798
30.841500517882267,3.179351915561771,75.2701029807821,123.65725522232373
30.841500517882267,3.179351915561771,75.2701029807821,58.4235024271228
30.841500517882267,3.179351915561771,75.2701029807821,70.16750976718839
30.841500517882267,3.179351915561771,75.2701029807821,114.60255066473854
30.841500517882267,3.179351915561771,75.2701029807821,33.39612113700824
30.841500517882267,3.179351915561771,75.2701029807821,157.5819880621375
30.841500517882267,3.179351915561771,75.2701029807821,26.368579652694088
30.841500517882267,3.179351915561771,75.2701029807821,150.98365722507614
30.841500517882267,3.179351915561771,75.2701029807821,104.16286466888654
30.841500517882267,3.179351915561771,75.2701029807821,108.3805990419754
30.841500517882267,3.179351915561771,75.2701029807821,47.93377128637693
30.841500517882267,3.179351915561771,75.2701029807821,44.04688143814055
30.841500517882267,3.179351915561771,75.2701029807821,104.67135831748595
30.841500517882267,3.179351915561771,75.2701029807821,54.57310127467591
30.841500517882267,3.179351915561771,75.2701029807821,30.63276548480391
30.841500517882267,3.179351915561771,75.2701029807821,118.22187453888073
30.841500517882267,3.179351915561771,75.2701029807821,107.80666407981155
30.841500517882267,3.179351915561771,75.2701029807821,115.27662347451336
30.841500517882267,3.179351915561771,75.2701029807821,144.72816322247627
30.841500517882267,3.179351915561771,75.2701029807821,129.55557973009246
123.59904817813394,2.562837364663546,82.45961240124532,129.55557973009246
91.86656495362529,2.878011074815387,61.72344012792315,129.55557973009246
19.036633949506808,1.987710394690273,51.11256133786787,129.55557973009246
33.14889286210221,3.078309890985876,10.090746855050073,129.55557973009246
15.456579413643476,1.5083505197726124,73.95634257280624,129.55557973009246
49.77127217127544,4.928312299290227,0.177537304048041,129.55557973009246
60.83875365914252,1.8306775362569083,42.710870147704576,129.55557973009246
23.34837732777873,2.5558059638244397,8.474961745939169,129.55557973009246
50.01583858321246,1.138673589660574,21.75836640069064,129.55557973009246
102.9317523287561,1.8706377778127667,70.87942980121096,129.55557973009246
25.19899331880821,3.308994454347383,88.2107594237144,129.55557973009246
75.93396439445003,2.558248826181876,29.59842465259877,129.55557973009246
20.88216141659342,1.820644719880824,49.64422953856327,129.55557973009246
27.14958058564068,1.2638070470404164,84.57511407942118,129.55557973009246
85.66455016811447,2.7852717478829145,28.451682044285104,129.55557973009246
143.85576841170615,2.1474139412194115,5.56557833451054,129.55557973009246
21.424145648183384,1.370881361945681,81.0833120716683,129.55557973009246
94.7494314900121,1.501316932383016,37.77857360580344,129.55557973009246
456.7659560293637,6.33917141011207,6.338221820232979,129.55557973009246
18.74589305117681,2.2403017893715083,85.54636037504794,129.55557973009246
78.15595271006227,1.4971827735564427,37.4874130382664,129.55557973009246
14.459874728803396,1.7868270089273963,68.11682555894974,129.55557973009246
62.57084950033284,4.736709703224561,69.65884138216654,129.55557973009246
12.367523135876455,1.2725229121257422,86.21117935059452,129.55557973009246
103.82203325630812,1.2681609002227594,14.881896018760669,129.55557973009246
17.678650060291286,1.8013462586849822,10.427417168576534,129.55557973009246
29.40309912185965,1.6503322147339334,24.35445767089739,129.55557973009246
61.93386333079117,1.3604788029486985,37.66452014486587,129.55557973009246
20.208439880892897,2.1300313862331817,24.14237283507981,129.55557973009246
30.98781369388433,3.1445391854664027,68.50636017214761,129.55557973009246
36.23985138838966,7.898198338096935,9.894941648982654,129.55557973009246
25.701886171999696,2.914458422337902,85.42088201969959,129.55557973009246
25.701886171999696,2.914458422337902,85.42088201969959,221.8864978049957
25.701886171999696,2.914458422337902,85.42088201969959,136.12066113933278
25.701886171999696,2.914458422337902,85.42088201969959,236.77797670754777
25.701886171999696,2.914458422337902,85.42088201969959,202.07648154324215
25.701886171999696,2.914458422337902,85.42088201969959,86.96680289199186
25.701886171999696,2.914458422337902,85.42088201969959,103.41992949028786
25.701886171999696,2.914458422337902,85.42088201969959,96.00527002741435
25.701886171999696,2.914458422337902,85.42088201969959,77.43343859578076
25.701886171999696,2.914458422337902,85.42088201969959,45.6222553786011
25.701886171999696,2.914458422337902,85.42088201969959,39.30576664279302
25.701886171999696,2.914458422337902,85.42088201969959,215.27138588037988
25.701886171999696,2.914458422337902,85.42088201969959,72.88678757786802
25.701886171999696,2.914458422337902,85.42088201969959,84.69729999383632
25.701886171999696,2.914458422337902,85.42088201969959,4.299280769469907
25.701886171999696,2.914458422337902,85.42088201969959,124.6171701801246
25.701886171999696,2.914458422337902,85.42088201969959,93.25334065258686
25.701886171999696,2.914458422337902,85.42088201969959,122.08259229140016
25.701886171999696,2.914458422337902,85.42088201969959,86.56131387466112
25.701886171999696,2.914458422337902,85.42088201969959,55.64554938170908
25.701886171999696,2.914458422337902,85.42088201969959,83.79222570313871
25.701886171999696,2.914458422337902,85.42088201969959,20.46351425052253
25.701886171999696,2.914458422337902,85.42088201969959,26.17075754482749
25.701886171999696,2.914458422337902,85.42088201969959,52.97159283130775
25.701886171999696,2.914458422337902,85.42088201969959,170.6202661192763
25.701886171999696,2.914458422337902,85.42088201969959,12.965203869570017
25.701886171999696,2.914458422337902,85.42088201969959,79.71826291832986
25.701886171999696,2.914458422337902,85.42088201969959,146.54756160840722
25.701886171999696,2.914458422337902,85.42088201969959,80.85139524803535
102.87131505145716,2.3820939600511792,52.26452023202466,80.85139524803535
53.39960867722338,2.1863509487116795,23.7706400780236,80.85139524803535
284.73401850203624,4.118741251053001,0.7488372357202473,80.85139524803535
52.59701992862635,2.5392521875427865,30.465388170647795,80.85139524803535
27.542438232939062,3.178331677489994,9.911294658764213,80.85139524803535
106.30539758590176,1.7077112969242474,61.26061185017773,80.85139524803535
215.6525853913001,1.8973218541002368,7.151198375950019,80.85139524803535
33.29666531931348,5.802527671279057,71.68112790799309,80.85139524803535
36.60934305705765,3.332689654999793,51.305410746299934,80.85139524803535
61.751010517207554,2.2620568520515008,78.40427266129895,80.85139524803535
354.7827740189757,1.8036336171270255,20.845129442031936,80.85139524803535
32.15408846274523,2.462292443264931,24.34644589892661,80.85139524803535
25.149603034142498,1.5862864600914797,79.99393479125273,80.85139524803535
14.974626997642629,1.1536600363243312,23.19298540129348,80.85139524803535
31.99154321151796,1.777348987931768,79.07779835256807,80.85139524803535
39.37574664476329,4.340133718906859,29.685123638841755,80.85139524803535
314.7839097374198,1.4628779124597988,64.31588888107844,80.85139524803535
81.72558171975295,2.559084697464683,85.17472626846782,80.85139524803535
13.275270026991432,1.6174393805537828,49.31390898515071,80.85139524803535
14.781528762582496,1.8169403463328384,49.6194710746506,80.85139524803535
174.6924376062094,1.6468204349992397,22.73225301342529,80.85139524803535
34.81342333072586,2.801068490114665,87.90889098227365,80.85139524803535
16.64346302417153,2.480279000947711,15.12270275213208,80.85139524803535
41.9988462296259,4.578397461558892,20.638538326067568,80.85139524803535
13.34777082664318,1.834462192456583,76.94610193685165,80.85139524803535
57.32039398018706,1.4240940034407197,1.525515262635464,80.85139524803535
74.9221622980191,2.3382779925789845,28.150150587749007,80.85139524803535
33.42993128338783,2.276509659756963,73.00135110126475,80.85139524803535
34.56268639049146,1.1560359627642476,75.05721265876508,80.85139524803535
20.236679839674387,3.029076870914908,8.917602459509693,80.85139524803535
13.042931586262398,2.036210539132365,9.618086425470873,80.85139524803535
46.69171050212811,2.310127946042261,33.93377733942373,80.85139524803535
125.78482047353248,1.3337027567174191,41.549536471420126,80.85139524803535
17.080170615045557,1.8010428273134071,79.12586836883035,80.85139524803535
35.446602833527095,7.355093435169586,81.7474016088355,80.85139524803535
69.1257451833772,3.420953343336943,49.21480410819386,80.85139524803535
42.403232052991896,2.3049232541052778,84.92562309242444,80.85139524803535
40.7988553572844,1.349325929185029,46.70016274052274,80.85139524803535
38.82373960502549,2.960749305244256,80.06500423847409,80.85139524803535
38.82373960502549,2.960749305244256,80.06500423847409,205.86526206106447
38.82373960502549,2.960749305244256,80.06500423847409,26.06026433794888
38.82373960502549,2.960749305244256,80.06500423847409,179.921432655101
38.82373960502549,2.960749305244256,80.06500423847409,54.40106114182868
38.82373960502549,2.960749305244256,80.06500423847409,22.267157798468997
38.82373960502549,2.960749305244256,80.06500423847409,67.65654067912328
38.82373960502549,2.960749305244256,80.06500423847409,50.11843236849256
38.82373960502549,2.960749305244256,80.06500423847409,102.26722876609496
38.82373960502549,2.960749305244256,80.06500423847409,103.59525784313692
38.82373960502549,2.960749305244256,80.06500423847409,45.37843907758433
38.82373960502549,2.960749305244256,80.06500423847409,113.15615739502728
38.82373960502549,2.960749305244256,80.06500423847409,120.2621621572036
38.82373960502549,2.960749305244256,80.06500423847409,107.77360369423548
38.82373960502549,2.960749305244256,80.06500423847409,135.36247485819496
38.82373960502549,2.960749305244256,80.06500423847409,134.6659219844298
38.82373960502549,2.960749305244256,80.06500423847409,54.76629092165354
38.82373960502549,2.960749305244256,80.06500423847409,73.8861995095453
38.82373960502549,2.960749305244256,80.06500423847409,57.44309907917059
38.82373960502549,2.960749305244256,80.06500423847409,127.24739257683962
38.82373960502549,2.960749305244256,80.06500423847409,148.95135814984823
38.82373960502549,2.960749305244256,80.06500423847409,84.09073822498988
38.82373960502549,2.960749305244256,80.06500423847409,133.75911824547188
54.25451744814794,10.550238115901722,64.85001143618247,133.75911824547188
106.81890146822396,3.849610792893644,47.05009476221763,133.75911824547188
13.488238492776864,1.3662484824629682,28.269367740684384,133.75911824547188
63.231464768173176,2.2490051467869216,27.41948837477206,133.75911824547188
99.10646580704174,1.4805316808331557,3.317939693504628,133.75911824547188
99.23020709671172,1.8646345703375071,6.943382217577445,133.75911824547188
32.73790316435284,4.373334138579294,44.30011488809534,133.75911824547188
28.17469313079075,1.4082809452242795,88.29764178252739,133.75911824547188
44.75635357263466,3.313952929871698,16.915234361458435,133.75911824547188
79.60417643949485,1.873624799245328,5.72405369223072,133.75911824547188
46.095908258156975,3.1440450739707915,4.668923540630367,133.75911824547188
17.727661958801097,1.8095840577432147,24.90463863364296,133.75911824547188
51.85801862495816,5.774190648393472,20.681162263807444,133.75911824547188
56.07848362316064,4.049844094236532,24.200761913479425,133.75911824547188
170.67294976905347,4.575368528833154,8.272767817536845,133.75911824547188
171.35732439313588,3.1855544188641853,30.88845171432413,133.75911824547188
39.13886108980503,1.6372827366076312,89.86482847116214,133.75911824547188
40.54118472068955,1.496438806668923,55.87504498033186,133.75911824547188
95.35318131738715,2.757655535354295,33.37180424247552,133.75911824547188
352.2139351954855,3.409121449356993,1.2572703447892697,133.75911824547188
9.891306305360912,1.0620333824911197,85.77717289784766,133.75911824547188
43.44373445527728,1.5851603089622917,34.36172021653465,133.75911824547188
41.15333802441312,3.550471007400449,33.281435768748224,133.75911824547188
46.36566970362839,2.0256145095156795,28.988633275009335,133.75911824547188
39.02230800227142,1.6834019498792734,21.079647830505177,133.75911824547188
28.02365892385495,4.025128840126488,24.50957452623848,133.75911824547188
24.6130804472948,4.428532122577988,37.476086573521,133.75911824547188
54.49415919947429,3.240264050587608,6.188095021041217,133.75911824547188
213.2030976956681,1.44736805581233,43.11723150654602,133.75911824547188
51.606570947686,1.893702598275362,21.27644837760111,133.75911824547188
69.16084389398486,1.4171383186297366,41.606869607526775,133.75911824547188
48.50982246919564,1.1680383735917454,21.144798290599063,133.75911824547188
52.46711171614423,1.952940805050174,14.413517094582229,133.75911824547188
27.865087872575085,2.798419508348004,58.54099385175764,133.75911824547188
27.865087872575085,2.798419508348004,58.54099385175764,162.31544720623373
27.865087872575085,2.798419508348004,58.54099385175764,152.6402684366031
27.865087872575085,2.798419508348004,58.54099385175764,232.2686686140773
27.865087872575085,2.798419508348004,58.54099385175764,93.9332003166143
27.865087872575085,2.798419508348004,58.54099385175764,27.270963203154047
27.865087872575085,2.798419508348004,58.54099385175764,121.84046072599112
27.865087872575085,2.798419508348004,58.54099385175764,42.2587349959398
27.865087872575085,2.798419508348004,58.54099385175764,218.0084311242802
27.865087872575085,2.798419508348004,58.54099385175764,17.38449164885271
27.865087872575085,2.798419508348004,58.54099385175764,100.61609450435698
27.865087872575085,2.798419508348004,58.54099385175764,130.31415415692413
27.865087872575085,2.798419508348004,58.54099385175764,76.20050755307604
27.865087872575085,2.798419508348004,58.54099385175764,135.46880177084134
27.865087872575085,2.798419508348004,58.54099385175764,147.9941448871764
27.865087872575085,2.798419508348004,58.54099385175764,96.06740236777956
27.865087872575085,2.798419508348004,58.54099385175764,25.40453719492304
41.21808389346855,1.582213045322893,16.3103378677173,25.40453719492304
221.61990753190145,4.884128786351411,9.64073639753388,25.40453719492304
47.74728845503119,1.4016155649764743,21.25801017629216,25.40453719492304
37.979358117797766,1.8038703850558104,17.40879327360081,25.40453719492304
23.614144437153072,3.471648033443445,32.93183875895561,25.40453719492304
20.127285937972065,2.170775499495265,29.768396978638368,25.40453719492304
28.53641723208246,3.0007206416543992,32.44059180818355,25.40453719492304
101.08434432965988,2.8794872379727794,27.21538039384554,25.40453719492304
42.88207367209861,2.0906586351853846,84.67203026362996,25.40453719492304
41.17839927119787,2.658147879982172,33.31025693957924,25.40453719492304
169.599250696218,2.1461546099307687,0.4456661396691455,25.40453719492304
14.36107278835405,1.7505647006399632,64.25312864655353,25.40453719492304
36.16309207925959,2.63083653781868,9.58499374213861,25.40453719492304
18.18226123878182,1.8063336347259067,13.474239006051986,25.40453719492304
73.82654819515439,1.7381927377684017,15.47044882629485,25.40453719492304
56.05646015207813,2.825617653185088,20.62122499263169,25.40453719492304
169.71623796818068,1.6353332072865043,53.84980677018043,25.40453719492304
83.26115027869433,3.466571823485064,2.0880403803905843,25.40453719492304
15.346174238583648,2.231851690830034,66.16497327980775,25.40453719492304
38.733232078459125,2.880661786303316,15.454318754768828,25.40453719492304
31.21652819092033,1.2456786729588458,81.34603115788882,25.40453719492304
100.7641422714338,1.2872868695029414,19.70621626777709,25.40453719492304
27.25165993839756,2.208423874811955,28.495153494458776,25.40453719492304
36.417325597021694,5.413979453672122,15.958452422363305,25.40453719492304
28.65161603800314,1.9127010354868543,27.07517180800147,25.40453719492304
28.65161603800314,1.9127010354868543,27.07517180800147,39.57462562838568
28.65161603800314,1.9127010354868543,27.07517180800147,214.3836592292035
28.65161603800314,1.9127010354868543,27.07517180800147,94.40807466492578
28.65161603800314,1.9127010354868543,27.07517180800147,45.09283636207848
28.65161603800314,1.9127010354868543,27.07517180800147,124.74413221680088
28.65161603800314,1.9127010354868543,27.07517180800147,74.90268194526388
28.65161603800314,1.9127010354868543,27.07517180800147,31.697175440119228
28.65161603800314,1.9127010354868543,27.07517180800147,141.16774599470233
28.65161603800314,1.9127010354868543,27.07517180800147,22.28119233506167
28.65161603800314,1.9127010354868543,27.07517180800147,92.26424702691412
28.65161603800314,1.9127010354868543,27.07517180800147,75.28349179546815
28.65161603800314,1.9127010354868543,27.07517180800147,144.42619313244543
28.65161603800314,1.9127010354868543,27.07517180800147,28.403058926663647
28.65161603800314,1.9127010354868543,27.07517180800147,86.02036595279087
28.65161603800314,1.9127010354868543,27.07517180800147,98.51717242216051
28.65161603800314,1.9127010354868543,27.07517180800147,154.7288058350411
28.65161603800314,1.9127010354868543,27.07517180800147,170.5719737768114
28.65161603800314,1.9127010354868543,27.07517180800147,53.79297035029961
28.65161603800314,1.9127010354868543,27.07517180800147,9.667679175872944
28.65161603800314,1.9127010354868543,27.07517180800147,139.27584759860892
28.65161603800314,1.9127010354868543,27.07517180800147,190.74928907024005
28.65161603800314,1.9127010354868543,27.07517180800147,179.67023956451385
32.60666647404043,2.792033672106516,40.22274547359885,179.67023956451385
35.864940870831944,1.4845387870292608,13.772835776276784,179.67023956451385
28.85346278072576,2.7966457498152555,29.826994170129574,179.67023956451385
40.689696606630335,3.2543916360787817,1.8584312563216308,179.67023956451385
98.13885967628944,2.2836607857927644,30.20206454148885,179.67023956451385
42.18384005944967,1.537837341674976,10.602086750756287,179.67023956451385
50.28347024454053,1.7516970116940431,66.52371090794922,179.67023956451385
152.9720671206148,1.2902339436251715,55.65725561092177,179.67023956451385
175.53800024345662,2.763005494215782,56.012634696279314,179.67023956451385
41.32407634981413,2.097961600495702,51.11149926380407,179.67023956451385
90.88260561427307,2.458400152474547,64.01457017312066,179.67023956451385
19.41917185535339,2.4782488172421058,6.776102576006868,179.67023956451385
16.072980856267247,2.5872885372915406,66.0218098244216,179.67023956451385
34.389860330487124,4.396897253654811,39.76991023193182,179.67023956451385
100.84433431825978,1.425149980433224,35.09064377003428,179.67023956451385
172.9460606280781,2.3008695824344225,48.851806303304286,179.67023956451385
29.27963949620153,7.10578250035798,7.870653207456041,179.67023956451385
31.018630915877864,1.744203639889883,18.639378043370733,179.67023956451385
30.27719397607924,6.246834762967546,10.887840316152293,179.67023956451385
81.2561794664071,1.553198305172694,66.1654942252973,179.67023956451385
165.35996482390308,3.7397769732261232,62.46736329072433,179.67023956451385
75.1882045138441,2.9197825243494018,38.79244568352267,179.67023956451385
241.5576892665051,1.322515853998122,41.99837533377093,179.67023956451385
50.85063893491275,4.374652180465332,1.68924426129827,179.67023956451385
37.73973103571316,4.159258034794031,87.03463981805834,179.67023956451385
38.63216097962744,6.4805318480213225,62.00059250462442,179.67023956451385
25.701289206387653,2.677046784681752,42.80517472499047,179.67023956451385
53.54021742991548,8.764542538787932,6.736707029983646,179.67023956451385
36.8171266616945,1.8593627615623325,34.884838215611246,179.67023956451385
27.753712075101543,4.695169596797748,83.03133991645852,179.67023956451385
48.09429729035234,2.151698928046853,50.42144067430464,179.67023956451385
48.09429729035234,2.151698928046853,50.42144067430464,132.51976455593154
48.09429729035234,2.151698928046853,50.42144067430464,145.1452348628955
48.09429729035234,2.151698928046853,50.42144067430464,227.50176714468455
48.09429729035234,2.151698928046853,50.42144067430464,12.99323890083074
48.09429729035234,2.151698928046853,50.42144067430464,212.5530813946674
48.09429729035234,2.151698928046853,50.42144067430464,86.85832591492549
48.09429729035234,2.151698928046853,50.42144067430464,13.56152475881344
48.09429729035234,2.151698928046853,50.42144067430464,142.15824753496548
48.09429729035234,2.151698928046853,50.42144067430464,72.67454886064662
48.09429729035234,2.151698928046853,50.42144067430464,55.00174158165847
48.09429729035234,2.151698928046853,50.42144067430464,98.68900725168564
48.09429729035234,2.151698928046853,50.42144067430464,96.2011742584334
48.09429729035234,2.151698928046853,50.42144067430464,109.94910147472912
48.09429729035234,2.151698928046853,50.42144067430464,91.49679609579744
48.09429729035234,2.151698928046853,50.42144067430464,95.4678730482769
48.09429729035234,2.151698928046853,50.42144067430464,126.01967071947898
48.09429729035234,2.151698928046853,50.42144067430464,49.19926735266728
48.09429729035234,2.151698928046853,50.42144067430464,207.3598460576419
141.7585978756901,1.3352842495063395,18.8230930202663,207.3598460576419
21.087416061448906,3.9127285298070977,63.78305820089621,207.3598460576419
22.250346065773563,1.3934966415148549,6.680996649835204,207.3598460576419
42.838413033168464,16.673771728479412,23.1242029801592,207.3598460576419
41.20057440684073,5.70680520218229,28.74415724073077,207.3598460576419
18.86480419027584,3.18050920267857,37.750692120746514,207.3598460576419
73.23053212444971,1.8376824925626312,34.23234018552446,207.3598460576419
121.68618934859434,1.945059336160036,14.989425009560192,207.3598460576419
15.086860122438164,1.2635890962640857,67.02227228552138,207.3598460576419
187.03201608886843,2.2265261774014737,57.99077809502041,207.3598460576419
55.9125535128478,3.5473139773334355,75.90550276973093,207.3598460576419
114.17030779951251,1.404312109558933,8.057573629163112,207.3598460576419
265.3806099671555,1.334436264367975,60.04162984631005,207.3598460576419
29.29821604413579,5.441365348286615,82.00448352165411,207.3598460576419
61.842611441269234,1.9748149472565213,1.7094300992338127,207.3598460576419
18.67931525240608,2.917461202675261,16.3656214834693,207.3598460576419
92.7407857747737,2.2241923101192067,69.71848863521281,207.3598460576419
54.27484445752371,1.1865322246966965,58.63036818057336,207.3598460576419
26.889297739852022,1.6237022286457543,1.5819323334983169,207.3598460576419
202.98388263910024,2.270289080154698,79.47948347342567,207.3598460576419
34.98051665979561,2.2070198167996,53.28291312448512,207.3598460576419
59.586329274514256,2.2936150456831053,8.409494745428885,207.3598460576419
58.01360580088987,1.696186842926869,11.947696139175209,207.3598460576419
12.359697138042794,1.239998140544027,28.23370611580552,207.3598460576419
46.94229756930617,1.4802430849006545,37.993137184618405,207.3598460576419
