,Pair Number,X1 coord,Y1 coord,X2 coord,Y2 coord,Spacing
0,1,2.979651162790698,127.95239825581395,17.053890702736318,159.6563083022388,34.68749242680375
1,2,15.450944708414555,30.67808591211826,33.83482609832636,24.57423509414226,19.370701839800535
2,3,9.643204246411484,84.62451405502392,12.57595486111111,89.08962673611111,5.3421210602930636
3,4,16.043526785714285,168.89125279017858,19.17251275510204,173.18638392857142,5.314010226995917
4,5,16.043526785714285,168.89125279017858,17.053890702736318,159.6563083022388,9.290050319570362
5,6,9.643204246411484,84.62451405502392,17.516927083333332,80.81119791666667,8.748536522397366
6,7,19.17251275510204,173.18638392857142,21.49609375,195.28125,22.2167084725487
7,8,19.17251275510204,173.18638392857142,46.11271523334588,181.51328962998684,28.19772806679715
8,9,33.83482609832636,24.57423509414226,37.58885461373391,51.154271727467815,26.843827549800377
9,10,17.053890702736318,159.6563083022388,40.19990808823529,132.7359068627451,35.50276234989773
10,11,51.72776442307693,2.2285657051282053,65.67952887055839,26.725095177664976,28.190985924526835
11,12,83.80568484042553,199.35172872340425,99.9908447265625,178.8330078125,26.133834551389445
12,13,86.88933939873418,172.67602848101268,89.15417729591837,161.328125,11.57170705276024
13,14,65.67952887055839,26.725095177664976,91.00534539473685,52.93868215460527,36.44926782274185
14,15,89.15417729591837,161.328125,92.26820764462809,144.5691825929752,17.045801113900733
15,16,86.88933939873418,172.67602848101268,99.9908447265625,178.8330078125,14.476112611591418
16,17,103.06448063380283,9.534551056338028,133.76048736802412,13.117753110859729,30.904436030946886
17,18,89.15417729591837,161.328125,108.23730468749999,160.107421875,19.122130298759014
18,19,111.83948863636364,109.19744318181819,115.39062499999999,134.140625,25.19469961495901
19,20,108.23730468749999,160.107421875,127.7487362132353,160.83409926470588,19.52495890423761
20,21,172.314453125,64.9157072368421,191.63455610357582,68.42138852496917,19.635584544308806
21,22,181.5498637878242,7.552317858429395,196.49775256849315,7.23458904109589,14.951265183943892
22,1,20.091055969245673,94.69272157646205,51.83718607305936,110.68510987442923,35.54677566307841
23,2,4.204545454545454,129.08735795454544,18.28167002688172,143.61769153225808,20.231065965605385
24,3,6.973805147058823,43.00704656862745,24.72292877906977,56.508902616279066,22.300930618158425
25,4,18.28167002688172,143.61769153225808,19.646434294871796,161.3331330128205,17.767933148186216
26,5,47.02743902439025,129.1182355182927,51.83718607305936,110.68510987442923,19.050296262122483
27,6,51.83718607305936,110.68510987442923,57.5927734375,102.50799005681819,9.999603713211641
28,7,58.49423705343453,152.8507180025299,79.69357638888889,145.41493055555557,22.465594210176672
29,8,62.519211065573764,38.14677254098361,68.90364583333334,21.471354166666668,17.85582776749049
30,9,66.69146825396825,5.589657738095238,68.90364583333334,21.471354166666668,16.035024511735056
31,10,67.8845635775862,75.93952047413794,83.93278301886792,77.43587853773585,16.11782971401631
32,11,68.90364583333334,21.471354166666668,81.06755036828423,20.918747292027728,12.176450545758273
33,12,69.15032136524822,127.91860593971631,79.69357638888889,145.41493055555557,20.427471736765337
34,13,69.60076800847457,185.00397245762713,76.77359532828282,168.1344696969697,18.33110949047045
35,14,74.05697601010101,96.71717171717171,87.06516654191617,94.67744199101796,13.167137816084443
36,15,79.69357638888889,145.41493055555557,95.15345982142858,148.06919642857144,15.686080551634682
37,16,83.93278301886792,77.43587853773585,93.82291666666667,71.6875,11.43934435990205
38,17,87.06516654191617,94.67744199101796,99.97829861111111,95.19159226190477,12.923363739271748
39,18,87.06516654191617,94.67744199101796,91.7855753637798,109.97805816093968,16.012217667293875
40,19,95.10725635593221,45.91278248587571,95.29051306652046,31.12528840003655,14.788629563306523
41,20,91.68115365281501,2.397683478552279,109.00900135869564,2.6953125,17.33040360616568
42,21,92.87345912629758,130.2653276384083,95.15345982142858,148.06919642857144,17.9492659200075
43,22,95.10725635593221,45.91278248587571,106.96703767123287,48.520440924657535,12.143076026283666
44,23,96.06452440693431,180.53005246350364,110.63179347826086,165.19191576086956,21.153339351154894
45,24,109.00900135869564,2.6953125,114.5955709586466,3.4715695488721803,5.640242450552992
46,25,107.6936141304348,14.538043478260871,109.00900135869564,2.6953125,11.915557921630505
47,26,110.82995951417006,72.95791687753037,115.35969111271676,83.46617593930635,11.442988109067919
48,27,109.42150297619047,121.94010416666667,113.82016782407408,134.28096064814815,13.101335471642958
49,28,110.63179347826086,165.19191576086956,116.09584263392858,159.48660714285714,7.899770857583138
50,29,113.27840564320388,107.54607858009709,113.89768835616438,98.63816352739725,8.929415527608052
51,30,113.82016782407408,134.28096064814815,124.46131552419355,131.39175907258064,11.0264005967505
52,31,116.09584263392858,159.48660714285714,121.22112771739131,153.88077445652172,7.595650551068816
53,32,119.97106481481481,184.0943287037037,131.01490162037038,171.63990162037038,16.645692696965497
54,33,123.38453389830508,15.1317531779661,134.05983664772728,16.650390625,10.782780183577637
55,34,124.51480263157895,50.49958881578947,131.56186995967744,58.22517641129033,10.456857157985358
56,35,124.29917279411764,36.968635110294116,124.51480263157895,50.49958881578947,13.53267173942611
57,36,124.46131552419355,131.39175907258064,134.69685299295776,132.1715448943662,10.265198156993055
58,37,131.01490162037038,171.63990162037038,139.56473214285714,174.77852957589286,9.107721307024805
59,38,132.07415956439394,103.44164299242425,145.85883246527777,99.56217447916667,14.320177475496527
60,39,134.56513865894038,80.38467508278146,149.22999100719426,75.61263489208633,15.421746398436726
61,40,134.69685299295776,132.1715448943662,139.26547181372547,143.68949142156865,12.39093903354253
62,41,131.56186995967744,58.22517641129033,137.82074254587155,46.28547878440367,13.48072199370995
63,42,145.61449133831522,197.16159986413044,152.83797554347828,193.49694293478262,8.09990336189619
64,43,150.92700559701493,165.84873484141792,151.25684862012986,176.30123782467533,10.45770601207085
65,44,149.22999100719426,75.61263489208633,161.58992686170214,76.0721409574468,12.368474447224783
66,45,149.22999100719426,75.61263489208633,153.18777901785714,58.54455474624061,17.52094306258541
67,46,152.4935787671233,7.317529965753425,154.23177083333331,15.760216346153847,8.619760146131346
68,47,151.99615995762713,189.012844279661,152.83797554347828,193.49694293478262,4.562432928761287
69,48,154.23177083333331,15.760216346153847,154.87186039719626,26.403694509345794,10.662708007823813
70,49,158.2488952020202,125.2694917929293,180.8502906976744,123.25581395348837,22.690922784056927
71,50,161.58992686170214,76.0721409574468,162.738037109375,80.9326171875,4.99423530920636
72,51,154.87186039719626,26.403694509345794,168.54887462797618,27.121698288690478,13.695847826845537
73,52,167.1969506048387,165.39503528225808,177.674074364255,156.01891751731137,14.059932667416131
74,53,178.17628450920247,191.11004601226992,194.54283633474577,172.13983050847457,25.0546022702144
75,54,174.755859375,95.1513671875,187.41319444444443,88.90299479166667,14.115604438252022
76,55,176.8543332122093,78.3248546511628,179.0625,68.05859375,10.501052968795358
77,56,179.74330357142858,113.01618303571428,180.8502906976744,123.25581395348837,10.299294239408303
78,57,184.18834058544306,50.45614121835443,189.32516163793102,58.62405711206896,9.648926394790156
79,58,184.18834058544306,50.45614121835443,188.31843202954047,39.076389838621445,12.106047943120897
80,59,189.24645712209303,138.51403524709303,194.6951486013986,127.80676354895104,12.013904696412801
81,60,189.32698567708331,6.778971354166667,192.27711397058823,24.194393382352942,17.66352686662474
82,61,188.31843202954047,39.076389838621445,192.27711397058823,24.194393382352942,15.399512370031914
83,62,179.74330357142858,113.01618303571428,193.84765625,113.23879076086956,14.106109268002411
84,63,177.674074364255,156.01891751731137,194.54283633474577,172.13983050847457,23.333215939636982
85,1,16.00492428184846,121.27875208159867,21.64139093137255,147.65242034313727,26.969244221165813
86,2,10.672585227272727,191.04261363636363,16.46781589673913,192.53991168478262,5.985532554261425
87,3,9.916548295454545,174.4821259469697,10.672585227272727,191.04261363636363,16.577736406181668
88,4,12.206073835784313,157.90058210784315,16.273716517857142,153.29241071428572,6.146621883719677
89,5,16.273716517857142,153.29241071428572,21.64139093137255,147.65242034313727,7.785975853812759
90,6,24.172911352040817,3.6949936224489797,25.492187500000004,8.354166666666666,4.8423530448056695
91,7,25.492187500000004,8.354166666666666,28.827373798076923,11.67743389423077,4.708245183577596
92,8,44.80216733870967,117.60752688172043,52.27369225543478,125.8024796195652,11.08967695457148
93,9,28.827373798076923,11.67743389423077,45.44084821428571,11.001674107142858,16.627212137573427
94,10,51.22156168163112,171.856952043584,57.74238782051282,195.87840544871796,24.89078940549185
95,11,52.63863357843137,76.64005055147058,59.71062725631769,87.09456791516246,12.62180763154783
96,12,54.26473496835443,102.15338212025316,65.44095552884616,102.77193509615385,11.193324519585481
97,13,52.63863357843137,76.64005055147058,57.564678863065325,64.90116598618091,12.730566875966701
98,14,57.74238782051282,195.87840544871796,79.60767663043478,195.49422554347825,21.86866362951538
99,15,45.44084821428571,11.001674107142858,64.46126302083334,28.187391493055557,25.63445067641587
100,16,72.12071572580645,119.30443548387098,82.86262444690266,126.51756084070796,12.939002294837392
101,17,74.23697916666666,145.43229166666666,78.86983580508475,153.4968661723164,9.300576465429979
102,18,57.564678863065325,64.90116598618091,76.2140012254902,68.60830269607843,19.014207508163736
103,19,79.1546875,99.5953125,84.47614397321429,108.48563058035714,10.361257383456863
104,20,79.60767663043478,195.49422554347825,84.11865234375,191.74979073660714,5.862567177357345
105,21,82.86262444690266,126.51756084070796,85.39858217592592,116.68475115740742,10.154566848044364
106,22,83.90012254901961,8.716299019607842,102.28838582677164,25.96964197834646,25.215195212882634
107,23,84.47614397321429,108.48563058035714,85.39858217592592,116.68475115740742,8.250846652000702
108,24,85.46073717948718,87.53405448717949,93.89000276548673,82.76151133849558,9.68657248077802
109,25,78.86983580508475,153.4968661723164,87.57595486111111,159.912109375,10.814428064732956
110,26,84.11865234375,191.74979073660714,89.7281568877551,199.3502869897959,9.446379439973311
111,27,85.46073717948718,87.53405448717949,92.88441051136364,94.52163233901516,10.194958066312873
112,28,92.27734375,53.05078125,96.99089972527473,47.03811813186813,7.640008357599575
113,29,92.34765625,34.421875,102.28838582677164,25.96964197834646,13.048308226388322
114,30,96.55328198014018,111.65988244742991,105.33977004716981,111.05173938679245,8.807508758681742
115,31,92.27734375,53.05078125,95.21711482558139,61.337209302325576,8.792448114330462
116,32,100.3926078680203,166.91782994923858,109.07738095238095,158.22823660714283,12.285532791777067
117,33,101.2725360576923,187.36177884615384,112.44419642857142,179.35775162337663,13.743014488285663
118,34,107.38453994293866,41.557819186875896,116.64402173913044,42.35875226449276,9.294057075832265
119,35,106.39268944300517,133.00275259067357,110.96622242647058,123.64142922794117,10.418808907571233
120,36,105.93770345052083,85.3790283203125,107.2386323735955,91.07377984550563,5.841456239379149
121,37,105.38684475806453,147.6499495967742,109.07738095238095,158.22823660714283,11.203580386434226
122,38,109.07738095238095,158.22823660714283,118.41001157407408,160.38917824074076,9.579543990440298
123,39,107.2386323735955,91.07377984550563,110.11808548850574,99.04139727011494,8.471964215334268
124,40,112.44419642857142,179.35775162337663,114.29357394366197,172.4526848591549,7.1484364872104385
125,41,113.34201388888889,5.729166666666666,124.4403545673077,16.045673076923077,15.152672052384258
126,42,114.29357394366197,172.4526848591549,118.93973214285714,172.03683035714286,4.6647316084413815
127,43,116.61128393665159,36.45008484162896,116.64402173913044,42.35875226449276,5.908758116366164
128,44,106.39268944300517,133.00275259067357,116.3599917763158,139.49424342105263,11.894812693124459
129,45,116.61128393665159,36.45008484162896,117.01450892857143,27.782366071428573,8.677092777733385
130,46,105.33977004716981,111.05173938679245,118.23408018867924,111.40919811320755,12.899263962200456
131,47,121.50111607142857,197.79017857142858,126.13195711678833,184.93670164233578,13.662231075271325
132,48,124.4403545673077,16.045673076923077,134.31755514705884,7.59420955882353,12.999474100532066
133,49,127.88510529891303,87.09357072765701,133.64490327380955,79.07764668367348,9.870679358105761
134,50,129.37748015873015,29.465171485260772,139.35546875,26.46484375,10.41931969211455
135,51,130.03885582010582,142.14719742063494,130.67826704545456,137.0987215909091,5.088806826597752
136,52,133.62576844262296,117.70059554303278,138.33451704545453,129.69105113636363,12.881899655730422
137,53,131.1707427536232,49.20742753623188,137.61879832474227,57.28898195876289,10.338710873826102
138,54,131.68733016304347,163.14962635869566,142.7854832048458,165.8074063876652,11.411958448121673
139,55,134.31755514705884,7.59420955882353,146.47253787878788,8.451704545454545,12.18519195009783
140,56,130.67826704545456,137.0987215909091,138.33451704545453,129.69105113636363,10.653250472304011
141,57,139.35546875,26.46484375,143.23381696428572,32.96197385204081,7.566656093288378
142,58,142.7854832048458,165.8074063876652,148.6959317835366,159.4553877667683,8.67649370204169
143,59,126.13195711678833,184.93670164233578,142.94084821428572,185.17857142857144,16.81063118746648
144,60,144.66747636554624,149.34841123949582,148.6959317835366,159.4553877667683,10.880231044310268
145,61,143.23381696428572,32.96197385204081,145.99750905797103,42.973703577898554,10.386179571542275
146,62,148.48179768041237,76.80613724226805,153.232421875,74.4287109375,5.312305156220264
147,63,133.62576844262296,117.70059554303278,148.22906949626866,118.60861707089552,14.631503844734214
148,64,152.45535714285714,58.28683035714286,166.74153645833334,60.569661458333336,14.467419855333658
149,65,148.6959317835366,159.4553877667683,157.28907091864224,152.5592672413793,11.018099586406688
150,66,146.47253787878788,8.451704545454545,157.62692068106313,15.241512666112959,13.058397681762198
151,67,157.28907091864224,152.5592672413793,157.82692649147728,137.68199573863635,14.886990830371245
152,68,159.25741390306123,88.98477359693877,170.1171875,81.22877038043478,13.345046589322523
153,69,148.22906949626866,118.60861707089552,160.01325334821428,109.65750558035714,14.798289967847772
154,70,167.79714595375722,182.30559067919074,176.39887536873155,190.88887352507376,12.151645705041934
155,71,168.22620738636365,35.806551846590914,177.71045918367346,42.61001275510204,11.672108313771501
156,72,157.28907091864224,152.5592672413793,175.81315675972397,157.24771114335005,19.108198828505284
157,73,170.1171875,81.22877038043478,181.0546875,83.97569444444444,11.277167111621402
158,74,172.66456117021275,8.558427526595745,187.1085906124498,7.794459086345381,14.464219104601153
159,75,176.3199177194149,49.52808136635639,177.71045918367346,42.61001275510204,7.056435280922306
160,76,174.00535300925927,119.01765046296295,183.68336397058823,121.70266544117648,10.04356518377986
161,77,177.9345703125,96.7490234375,185.23995535714286,103.87369791666667,10.204393028719567
162,78,177.66251474056605,130.10023584905662,183.68336397058823,121.70266544117648,10.332947992028368
163,79,181.0546875,83.97569444444444,189.38610600490196,78.09436274509804,10.198166348003925
164,80,176.3199177194149,49.52808136635639,183.23196308724832,56.62489513422819,9.906620857933467
165,81,183.68336397058823,121.70266544117648,190.13480392156862,117.68727022058823,7.598978629962631
166,82,185.23995535714286,103.87369791666667,189.23703457446808,98.5123005319149,6.687392928996797
167,83,176.39887536873155,190.88887352507376,189.7150213068182,190.33647017045453,13.327598887669739
168,84,190.13480392156862,117.68727022058823,196.69288429054055,114.46632179054055,7.306362084849166
169,85,183.68336397058823,121.70266544117648,190.58035714285714,127.99107142857142,9.333411202804074
170,86,183.23196308724832,56.62489513422819,192.1986607142857,63.39174107142858,11.233515490376256
171,87,195.4403409090909,48.34517045454545,198.53159215328466,42.964473083941606,6.205460373634872
172,88,195.45235339506172,144.3648726851852,196.89247532894737,153.0612664473684,8.814829303588237
173,89,195.26466836734696,159.6938775510204,196.89247532894737,153.0612664473684,6.82944255093506
174,90,197.4542356004902,33.85416666666667,197.7849786931818,27.543501420454547,6.319326454861524
175,91,195.26466836734696,159.6938775510204,196.9040329391892,153.0590160472973,6.834391221827898
176,92,197.41719563802081,33.83992513020833,197.7849786931818,27.543501420454547,6.307155928658586
177,1,2.7965894255874675,179.58142950391644,4.060132575757576,189.76310961174244,10.259783190225862
178,2,4.5207698170731705,51.34575076219512,28.083570075757574,49.0234375,23.67696549219146
179,3,3.9158555327868854,149.859118852459,10.819994918699187,149.3775406504065,6.920914551184519
180,4,6.142893145161291,2.3122479838709675,23.197354875132838,14.18537460148778,20.780418681466088
181,5,10.819994918699187,149.3775406504065,18.94901603043912,144.58283952927476,9.437697975464967
182,6,18.97817444365835,103.110629180602,33.873697916666664,100.56640625,15.11124382225179
183,7,23.197354875132838,14.18537460148778,41.95792214912281,11.263020833333332,18.98681215971101
184,8,27.358583860759495,154.75672468354432,31.832252358490564,166.50943396226415,12.575368194120543
185,9,18.97817444365835,103.110629180602,27.055431547619047,122.14471726190477,20.677006345461983
186,10,28.083570075757574,49.0234375,34.950776734104046,34.51160585260116,16.054649951054202
187,11,31.832252358490564,166.50943396226415,36.145413306451616,166.07232862903226,4.335252984008662
188,12,36.268299549549546,188.2712790915916,44.86860795454545,196.953125,12.220464518110232
189,13,33.873697916666664,100.56640625,44.0673828125,103.43017578125,10.588313731829846
190,14,43.82214245495496,91.32243038493039,44.0673828125,103.43017578125,12.110228792845643
191,15,41.95792214912281,11.263020833333332,57.14983258928571,2.732733718487395,17.422971649051068
192,16,27.358583860759495,154.75672468354432,44.92559523809524,149.81212797619048,18.249628087438328
193,17,44.86860795454545,196.953125,47.95564350328947,192.92506167763156,5.074946562104773
194,18,49.77163461538461,75.53485576923077,60.221354166666664,63.28125,16.104269404358952
195,19,47.95564350328947,192.92506167763156,50.29777151639344,186.28650102459017,7.039605896204407
196,20,47.95564350328947,192.92506167763156,53.68255876068376,195.62049278846155,6.329526620420012
197,21,58.508190143504535,28.932803058912388,60.51089638157895,44.526110197368425,15.72138860884261
198,22,60.221354166666664,63.28125,62.681842672413794,48.425713900862064,15.057920058218667
199,23,60.51089638157895,44.526110197368425,62.681842672413794,48.425713900862064,4.463173404875827
200,24,64.56350200400801,109.50690443386773,79.99306955645162,105.69556451612902,15.893327745439873
201,25,66.0177027925532,138.2521609042553,85.82478564342404,143.92892573696145,20.604518679821453
202,26,71.39593664500684,160.3064081737346,78.84689031862744,162.53638174019608,7.777499132340504
203,27,70.09901889534885,85.46057412790698,83.73455668604652,102.71620639534885,21.992833737168237
204,28,74.64384191176471,169.55997242647058,78.84689031862744,162.53638174019608,8.185135431912753
205,29,79.99306955645162,105.69556451612902,83.73455668604652,102.71620639534885,4.782813058523521
206,30,85.82478564342404,143.92892573696145,94.84493371212122,161.51751893939394,19.76668110791176
207,31,84.01935634328358,19.70907182835821,107.11933210784315,33.2797181372549,26.791254572423647
208,32,89.1766826923077,47.370793269230774,102.2388599537037,55.233651620370374,15.246147587447018
209,33,95.39710541474655,68.16046226958525,98.27892945544554,62.94283725247525,5.960580560710752
210,34,94.84493371212122,161.51751893939394,99.08410274621212,160.99372632575756,4.271406419634551
211,35,98.27892945544554,62.94283725247525,102.2388599537037,55.233651620370374,8.666752140293811
212,36,104.33145185406698,78.48198265550239,115.01386088709677,70.05148329493088,13.608349724252141
213,37,84.01935634328358,19.70907182835821,106.67149914089347,0.8933365549828178,29.44743566426544
214,38,107.11933210784315,33.2797181372549,114.37097227905073,34.661415711947626,7.382098167904795
215,39,85.82478564342404,143.92892573696145,107.34842414529915,134.57698985042734,23.467546083586267
216,40,109.5189144736842,185.35841557017542,120.43887867647058,186.54067095588235,10.983776490222708
217,41,116.32210593553458,100.09642786949686,126.15411931818181,95.01953125,11.0654130714408
218,42,115.01386088709677,70.05148329493088,121.36600378787878,68.57096354166666,6.522396658572736
219,43,99.08410274621212,160.99372632575756,117.33879841549295,157.35035211267606,18.61472776149594
220,44,114.37097227905073,34.661415711947626,119.3359375,45.498285060975604,11.920092991799095
221,45,121.36600378787878,68.57096354166666,123.27858664772727,79.2196377840909,10.819068181551303
222,46,120.43887867647058,186.54067095588235,128.9176785420776,172.49214127218934,16.408876665836118
223,47,121.36600378787878,68.57096354166666,125.93315972222223,57.00086805555556,12.43889154572614
224,48,107.34842414529915,134.57698985042734,133.44401041666666,128.46028645833334,26.802867071140717
225,49,140.03198990250695,0.7730893105849582,145.63802083333331,5.560980902777778,7.372346213789246
226,50,125.93315972222223,57.00086805555556,140.79144021739128,55.078125,14.982170741611794
227,51,145.63802083333331,5.560980902777778,153.92963383218841,22.67062530667321,19.012910817403345
228,52,140.79144021739128,55.078125,150.86082175925927,66.74623842592592,15.412245636375776
229,53,151.97035845588235,87.37362132352942,152.49852594339623,107.07915683962264,19.712612482136354
230,54,156.0438829787234,153.4865359042553,158.47886029411765,139.6905637254902,14.009209930747184
231,55,150.86082175925927,66.74623842592592,167.03982469512195,66.53963414634147,16.18032204027461
232,56,180.17134232954547,151.2517755681818,185.3824943438914,154.79266826923077,6.30031955038501
233,57,167.03982469512195,66.53963414634147,183.17057291666669,58.33550347222223,18.097204157131355
234,58,187.358260301353,138.85974015990158,198.88805042613635,139.9746981534091,11.583574217349229
235,59,188.65086036392404,1.8900810917721518,197.80621027542372,2.534759004237288,9.1780194820461
236,1,2.558336759868421,44.56594366776316,7.504634533898305,53.515625,10.225588375147984
237,2,7.751736111111112,179.51605902777777,30.920138888888886,175.16493055555554,23.573442817185697
238,3,37.87667675688509,19.30403460351377,45.130657327586206,10.297683189655173,11.564367683104079
239,4,20.52443484042553,139.3783244680851,36.67134405339806,142.82273968446603,16.510199069508925
240,5,30.920138888888886,175.16493055555554,43.10941547927461,182.450210492228,14.20048476470459
241,6,40.84236391129033,4.233870967741935,45.130657327586206,10.297683189655173,7.426929317481817
242,7,43.10941547927461,182.450210492228,50.3326416015625,192.6971435546875,12.536930756777279
243,8,36.67134405339806,142.82273968446603,46.282552083333336,156.25,16.512620608970767
244,9,37.87667675688509,19.30403460351377,51.72717524509803,34.70052083333333,20.709613627419813
245,10,59.02672737173281,99.37776046708615,70.30222039473685,118.95045230263158,22.58820507700953
246,11,45.130657327586206,10.297683189655173,60.039538871951216,1.7840129573170733,17.168498179191662
247,12,60.039538871951216,1.7840129573170733,68.72853708791209,17.863581730769234,18.277068198623898
248,13,68.78348214285714,48.331473214285715,75.4572646422956,37.885097287735846,12.396214859730833
249,14,70.30222039473685,118.95045230263158,80.59612771739131,126.61911231884058,12.836388682631961
250,15,73.0546875,143.87239583333334,89.56745426829268,148.15644054878047,17.059440362098094
251,16,81.55637254901961,86.3357843137255,83.72395833333334,95.43242872807018,9.351329730759536
252,17,95.21168136781054,190.20907594248428,98.20948812217195,183.71570984162895,7.15196816661205
253,18,83.72395833333334,95.43242872807018,97.27290372670807,105.48573369565217,16.87136218696817
254,19,75.4572646422956,37.885097287735846,99.43910256410257,37.54507211538461,23.98424831479301
255,20,99.95589717741935,68.77835181451613,112.8659441171448,84.2681384477459,20.164394410170082
256,21,112.8659441171448,84.2681384477459,116.01708255597015,98.74650186567165,14.817310171626055
257,22,98.20948812217195,183.71570984162895,109.9145266089109,189.8505182549505,13.21528661226085
258,23,109.9145266089109,189.8505182549505,120.98565251572326,174.93366745283018,18.576390034051535
259,24,99.43910256410257,37.54507211538461,121.20784344059405,50.41769801980198,25.289969889719295
260,25,138.12689012096774,71.52847782258065,162.55289713541669,64.00553385416666,25.55825707323965
261,26,138.34134615384613,138.4825721153846,151.89465306652806,147.80973882536384,16.4526036573272
262,27,140.60706313775512,1.6462053571428572,154.67507102272725,25.670276988636363,27.83998677454373
263,28,149.04740222392638,188.0236292177914,166.9921875,199.60588727678572,21.357996637080152
264,29,148.94037356321837,105.91100933908046,162.41995389344262,104.27126024590163,13.578949258596879
265,30,154.67507102272725,25.670276988636363,164.70501077586206,35.02828663793103,13.717581275421912
266,31,151.89465306652806,147.80973882536384,152.96663851351352,166.4115287162162,18.632652520292595
267,32,160.43467420212767,44.148936170212764,164.70501077586206,35.02828663793103,10.070850130137204
268,33,162.55289713541669,64.00553385416666,172.62198464912282,65.52709899749374,10.183402370723691
269,34,165.4267101753049,127.40925114329269,170.19061894379846,137.31566436531008,10.992354146400627
270,35,166.9921875,199.60588727678572,176.34117736077482,198.72219279661016,9.390661709973532
271,36,167.41153492647058,84.75988051470588,181.38020833333331,82.79246794871796,14.106542771083266
272,37,174.7283935546875,2.16217041015625,189.09617456896552,11.848958333333332,17.328213743570267
273,38,184.08018867924528,142.6518278301887,192.53669507575756,153.4682765151515,13.729823836768162
274,39,189.51357886904762,182.31956845238096,197.52970950704224,189.90812059859155,11.038318444453097
275,40,172.62198464912282,65.52709899749374,189.4921875,67.734375,17.013988702858157
276,41,190.40320444915255,164.16181144067795,192.53669507575756,153.4682765151515,10.904286838544987
277,42,189.09617456896552,11.848958333333332,195.263671875,31.15234375,20.264715926070167
278,1,0.45410156250000006,105.08789062499999,18.540981359649123,112.2578581871345,19.456198386082058
279,2,1.9738661504424777,125.31111725663717,4.79970079787234,134.2046210106383,9.33165314813229
280,3,2.658641581632653,2.285953443877551,10.857077205882353,12.713366596638656,13.26443710616255
281,4,4.79970079787234,134.2046210106383,12.049093364197532,133.93373842592592,7.254451733617875
282,5,15.643392656950672,165.11350896860986,16.078933189655174,173.28529094827587,8.183380492120767
283,6,18.540981359649123,112.2578581871345,19.11892361111111,126.97211371527777,14.725601277826309
284,7,12.049093364197532,133.93373842592592,19.11892361111111,126.97211371527777,9.92203196588689
285,8,20.464886675824175,47.90521978021978,31.370511968085108,45.59507978723404,11.147619019431614
286,9,26.573350694444443,26.31293402777778,35.74514678030303,40.204782196969695,16.646479777912557
287,10,29.875,175.24609375,33.41987423780488,170.8055449695122,5.681954490643556
288,11,31.58143939393939,160.81616950757575,33.41987423780488,170.8055449695122,10.157138612556022
289,12,31.370511968085108,45.59507978723404,35.74514678030303,40.204782196969695,6.9420989514611895
290,13,29.875,175.24609375,34.270833333333336,184.63541666666669,10.367388076458143
291,14,26.573350694444443,26.31293402777778,35.24966032608695,3.4646739130434785,24.44015832793828
292,15,46.24054697503201,41.325724231754165,53.045654296875,33.465576171875,10.396702034059803
293,16,46.346507352941174,100.52466299019606,52.40993026859504,104.57935175619835,7.29421678065723
294,17,50.47433035714286,153.78844246031747,62.64322916666667,145.19097222222223,14.899617200833168
295,18,52.40993026859504,104.57935175619835,52.57504111842105,114.26295230263158,9.68500806068906
296,19,60.515202702702695,10.117539414414415,67.41727941176471,26.26953125,17.564894054750223
297,20,61.85438368055556,80.84038628472221,67.04226762820514,102.06830929487178,21.85266242770243
298,21,62.64322916666667,145.19097222222223,67.76348154047976,155.47402080209895,11.487300486521788
299,22,68.65846389645776,170.0027673705722,70.1316550925926,182.64250578703704,12.725300764108733
300,23,52.40993026859504,104.57935175619835,67.04226762820514,102.06830929487178,14.846232884069488
301,24,67.41727941176471,26.26953125,72.89311835106383,25.78125,5.497565885757637
302,25,70.1316550925926,182.64250578703704,75.74290644171779,191.9921875,10.904250998430532
303,26,74.21361019736842,53.85999177631579,90.29333726415094,68.88266509433963,22.00541606428481
304,27,75.01183712121212,199.3963068181818,75.74290644171779,191.9921875,7.440124006309151
305,28,67.04226762820514,102.06830929487178,84.08457667606515,90.74223645050125,20.46265436737764
306,29,62.64322916666667,145.19097222222223,77.86458333333334,143.68896484375,15.295281914109518
307,30,90.29333726415094,68.88266509433963,108.46187232905984,59.14797008547008,20.612131217332518
308,31,72.89311835106383,25.78125,93.76516124429224,8.604452054794521,27.031177595272865
309,32,110.58039878731343,96.96342506218906,114.57177278037382,85.89004088785047,11.770764776554289
310,33,109.08203125,131.1834161931818,134.96547965116278,124.40043604651163,26.75746103063178
311,34,113.37102096273293,33.27591226708074,116.1595394736842,39.924273574561404,7.209475956040347
312,35,116.14480807086613,169.27083333333331,128.4395292207792,165.32061688311688,12.9137282826332
313,36,114.86842105263158,198.1702302631579,123.0772925204918,192.66137295081967,9.886004231414839
314,37,128.4395292207792,165.32061688311688,134.4049043062201,157.27141895933013,10.018746784218646
315,38,108.46187232905984,59.14797008547008,129.403125,67.5125,22.549976144537805
316,39,130.65082097457628,105.27674788135593,143.3206353305785,117.74922520661157,17.778832538852953
317,40,134.96547965116278,124.40043604651163,143.3206353305785,117.74922520661157,10.679289867031267
318,41,137.55634014423077,7.549579326923077,143.04470486111111,15.473090277777779,9.638681084765253
319,42,142.34262975374065,21.71159016521197,143.04470486111111,15.473090277777779,6.27788103597907
320,43,123.0772925204918,192.66137295081967,142.20793968023256,187.00490552325581,19.949368022811846
321,44,130.65082097457628,105.27674788135593,147.9327598314607,93.02580758426966,21.18374255923309
322,45,143.3206353305785,117.74922520661157,155.61383928571428,132.6060267857143,19.28334557703603
323,46,142.34262975374065,21.71159016521197,162.95261548913044,22.42583786231884,20.622358298356477
324,47,168.90545280612247,65.00717474489795,180.05913628472223,69.02669270833334,11.855850024320032
325,48,168.90545280612247,65.00717474489795,170.07254464285714,49.9609375,15.091433284652823
326,49,180.05913628472223,69.02669270833334,181.85329861111111,71.34114583333333,2.9284316145772227
327,50,155.61383928571428,132.6060267857143,185.2293305049669,142.32428342301324,31.169244973627976
328,51,181.85329861111111,71.34114583333333,182.4609375,88.98177083333333,17.651087088616247
329,52,183.21533203125,4.35302734375,193.45296223958331,2.950032552083333,10.333318279624548
330,53,170.07254464285714,49.9609375,186.53971354166669,43.15592447916667,17.817852108366793
331,54,186.53971354166669,43.15592447916667,191.31703317901236,23.939043209876544,19.801800641238724
332,1,0.8105468750000001,9.462890625,6.214911390692641,11.032196969696969,5.627599685654969
333,2,4.768483231707317,112.04268292682926,5.175182799442897,100.55046570334262,11.499411343638384
334,3,1.5055338541666665,49.81282552083333,16.079432270916335,52.33192231075697,14.79000891476209
335,4,4.319287909836065,173.0628842213115,15.740824854651162,166.0633175872093,13.395724663003971
336,5,8.25841894977169,124.05019263698631,8.80500637755102,130.62375992063494,6.596252318465531
337,6,10.400390625,198.94748263888889,17.431919642857142,185.63392857142858,15.056331632776823
338,7,16.079432270916335,52.33192231075697,28.249999999999996,51.30859375,12.213513834743612
339,8,8.80500637755102,130.62375992063494,15.419214979892763,127.34322637399464,7.383065473495666
340,9,15.740824854651162,166.0633175872093,18.984006485849054,170.52992334905662,5.519854538364857
341,10,18.62367204746137,158.5152800772627,24.4921875,161.4208984375,6.548441927056607
342,11,17.431919642857142,185.63392857142858,25.22179555084746,181.57441737288136,8.7841788365799
343,12,15.419214979892763,127.34322637399464,20.042067307692307,136.17412860576923,9.967727818906525
344,13,29.049479166666664,96.7890625,39.92897727272727,94.57386363636363,11.102728720689893
345,14,20.042067307692307,136.17412860576923,30.896258047210303,140.6484710300429,11.74023835956892
346,15,25.22179555084746,181.57441737288136,34.112995426829265,199.54268292682926,20.047743071274876
347,16,41.01835664335665,129.0510270979021,51.70330668604651,136.5234375,13.038599412212918
348,17,24.4921875,161.4208984375,41.8467420212766,156.4453125,18.053725877319888
349,18,42.475218413978496,79.02385752688173,46.830357142857146,78.53794642857143,4.382161902901336
350,19,28.249999999999996,51.30859375,43.072385204081634,44.19775722789115,16.43980228537847
351,20,45.77824519230769,21.084985977564102,59.04306496305419,28.78213516009852,15.336282114273248
352,21,46.830357142857146,78.53794642857143,50.44140625,66.1640625,12.8900224643697
353,22,51.70330668604651,136.5234375,54.1363441780822,142.115261130137,6.098209815036685
354,23,53.056867732558146,89.71656976744185,56.56334307553957,77.75826214028777,12.461801259713152
355,24,46.830357142857146,78.53794642857143,56.56334307553957,77.75826214028777,9.764165235963107
356,25,45.77824519230769,21.084985977564102,60.59861747382199,7.6593177356020945,19.99729987538079
357,26,58.9874267578125,34.1094970703125,59.04306496305419,28.78213516009852,5.327652441017643
358,27,62.60420022551546,122.79040149806701,68.60812651331719,134.66063861985472,13.302242675459777
359,28,68.3958820093458,90.85225613317756,78.31163194444444,98.33767361111111,12.423911284066778
360,29,68.60812651331719,134.66063861985472,70.84558823529412,140.03216911764707,5.818898078332816
361,30,70.84558823529412,140.03216911764707,81.12650644618834,148.7545543721973,13.482480624421159
362,31,70.84558823529412,140.03216911764707,81.23759920634922,133.30853174603175,12.37744689051468
363,32,83.42678931451613,167.37808719758064,85.35852137767222,175.70516627078385,8.548206516878496
364,33,59.04306496305419,28.78213516009852,91.80836397058823,25.134037990196077,32.967763527636535
365,34,81.23759920634922,133.30853174603175,94.15690104166666,140.0390625,14.567374648238765
366,35,97.17516110883797,191.26384129500818,109.03799019607843,184.36351102941177,13.723748457596557
367,36,98.74588815789474,97.36499451754386,100.55078125000001,101.59375,4.59782687846467
368,37,98.74588815789474,97.36499451754386,105.30927465596329,95.5588804472477,6.807355606838119
369,38,106.99404761904762,158.90997023809524,124.23789828431373,152.6016135620915,18.36152906807271
370,39,109.03799019607843,184.36351102941177,130.51215277777777,180.97330729166669,21.740127413809628
371,40,132.15880102040816,118.7161192602041,146.12016908212559,114.78241998792271,14.504957363587485
372,41,135.78879616477272,135.11703953598484,147.20982142857142,122.84071180555556,16.767469714337786
373,42,144.24169282205239,50.397021697598255,156.75223214285714,18.353794642857142,34.39886617577815
374,43,146.12016908212559,114.78241998792271,147.20982142857142,122.84071180555556,8.131630172003849
375,44,146.12016908212559,114.78241998792271,149.73228717672413,104.77337015086208,10.640886982300382
376,45,130.51215277777777,180.97330729166669,152.09573412698413,176.86011904761904,21.972011773817613
377,46,156.75223214285714,18.353794642857142,162.28253019957984,9.800912552521009,10.185086580259561
378,47,149.73228717672413,104.77337015086208,160.02798507462686,95.56465718283582,13.813102103885768
379,48,147.20982142857142,122.84071180555556,167.03269675925927,133.125,22.33188236675051
380,49,162.28253019957984,9.800912552521009,175.89133522727275,4.332386363636364,14.666436273351374
381,50,179.01960100446428,113.65792410714286,186.6162109375,107.16796875000001,9.991396449566208
382,51,180.37562086092714,172.57476200331126,193.81662834448161,175.92278079710144,13.851711519394968
383,52,183.63037109375,148.834228515625,196.97265625,135.26400862068965,19.030697338447375
384,53,186.83916390117994,24.57722621681416,197.161865234375,19.49462890625,11.506126986771054
385,54,186.6162109375,107.16796875000001,186.84260670731706,97.50142911585365,9.669190428526752
386,55,186.83916390117994,24.57722621681416,188.14092839805824,53.724211165048544,29.17604021072658
387,56,191.0546875,187.37630208333334,193.81662834448161,175.92278079710144,11.781827832835736
388,1,6.69787176724138,172.81115301724137,11.371527777777777,177.15386284722223,6.379826735283286
389,2,11.690340909090908,0.8309659090909092,12.872371495327103,12.447064836448599,11.676084557631397
390,3,15.235103777985074,24.58241021455224,22.521033653846153,21.153846153846153,8.052318031121874
391,4,6.69787176724138,172.81115301724137,14.536372950819674,160.00896516393445,15.01126625692576
392,5,23.10357862903226,77.43195564516128,24.894831730769234,60.490534855769226,17.03585413290827
393,6,26.572779605263158,111.07884457236842,40.5859375,102.02008928571429,16.68621111955347
394,7,39.05240359762702,171.1174044284167,42.797009698275865,146.04323814655174,25.352236382213512
395,8,11.690340909090908,0.8309659090909092,33.315911091549296,1.3341769366197183,21.631424064417484
396,9,22.521033653846153,21.153846153846153,36.96875,24.361979166666668,14.79961570605365
397,10,40.46798406862745,85.63495710784314,44.41550925925926,77.17375578703704,9.336749055312755
398,11,40.46798406862745,85.63495710784314,40.5859375,102.02008928571429,16.385556734462252
399,12,44.41550925925926,77.17375578703704,48.08349609375,69.0185546875,8.942115655251136
400,13,48.08349609375,69.0185546875,48.469769021739125,62.96025815217391,6.070598297107248
401,14,56.065848214285715,19.308035714285715,58.62014358108109,26.177153716216218,7.328656558011024
402,15,68.80744485294117,80.70786839955281,74.13057093881856,73.65259098101265,8.8381338968535
403,16,71.8505859375,112.908935546875,86.29613640146472,107.71003245672436,15.352606343801337
404,17,58.62014358108109,26.177153716216218,73.89698093220339,28.10182733050847,15.39760137080443
405,18,86.29613640146472,107.71003245672436,99.90053530092592,109.34425636574075,13.702202640468508
406,19,74.13057093881856,73.65259098101265,89.30940448113208,66.7747641509434,16.664377864465333
407,20,91.06370192307692,181.4393028846154,106.31167763157893,186.63993969298244,16.11047443185985
408,21,73.89698093220339,28.10182733050847,94.48769109712231,40.89337904676259,24.240485564552923
409,22,96.8500664893617,145.93583776595744,110.11744060475162,139.60836258099351,14.69898493549989
410,23,96.8500664893617,145.93583776595744,109.16015625,158.33203125,17.470086514061425
411,24,120.23643092105263,7.245065789473684,156.87980692463276,20.79331721045348,39.067788797241036
412,25,125.17286278735634,178.4460308908046,136.80914256198346,179.76982179752065,11.711337641708596
413,26,129.00142346398303,198.9646782309322,136.80914256198346,179.76982179752065,20.722041188371406
414,27,127.4201766304348,90.28108016304348,147.90363260077913,88.55847201050136,20.5557619011371
415,28,129.43916451890033,157.86350945017182,144.4242931547619,159.50520833333331,15.074788736705136
416,29,156.87980692463276,20.79331721045348,179.2138671875,4.0087890625,27.937978326550923
417,30,136.80914256198346,179.76982179752065,142.09558823529412,180.02450980392157,5.292577239631873
418,31,154.1596617879747,115.4568829113924,177.60416666666669,125.55881076388889,25.528293232099493
419,32,154.74660773026315,67.7965666118421,168.36993243243242,65.23965371621621,13.861196899855127
420,33,142.09558823529412,180.02450980392157,154.94035993303572,189.67982700892858,16.06901709179526
421,34,168.36993243243242,65.23965371621621,172.02592329545453,70.50189393939394,6.407608083905468
422,35,177.60416666666669,125.55881076388889,181.61851415094338,149.54672759433961,24.321495422550413
423,36,181.61851415094338,149.54672759433961,195.44516509433961,151.19398584905662,13.924429470116658
424,37,186.6412984913793,180.6225305316092,189.3158783783784,188.28125,8.112296929196335
425,38,194.5846688034188,36.10276442307692,197.45721726190476,60.13764880952381,24.205933200689014
426,39,197.45721726190476,60.13764880952381,198.67504222972974,65.93644425675676,5.925295460237182
427,40,186.6412984913793,180.6225305316092,197.03189036885246,168.50665983606555,15.961162936181811
428,1,0.818452380952381,141.92708333333331,7.696242559523809,142.77808779761904,6.930238548469153
429,2,3.286830357142857,179.11830357142858,13.667719414893616,174.62184175531914,11.312869949445172
430,3,3.455171130952381,78.38076636904762,8.596900201612904,80.67981350806451,5.632317070575599
431,4,4.917279411764706,152.0373774509804,7.696242559523809,142.77808779761904,9.667320262691593
432,5,5.240028782894736,113.55879934210526,10.782137784090908,126.13192471590908,13.7403949669043
433,6,9.828071853741497,30.135257227891156,22.447467672413794,31.452047413793103,12.687911066129507
434,7,10.782137784090908,126.13192471590908,15.467984068627452,129.6530330882353,5.861344519133024
435,8,15.467984068627452,129.6530330882353,16.52138157894737,134.4387335526316,4.90026277353276
436,9,13.667719414893616,174.62184175531914,16.912059294871796,186.02514022435898,11.855840637880673
437,10,29.135217231222388,96.16745408264416,50.65081870719178,86.53413955479452,23.573753533648713
438,11,13.667719414893616,174.62184175531914,26.957280585106385,164.4032579787234,16.7640058010051
439,12,26.957280585106385,164.4032579787234,44.51235852518541,166.3846424984549,17.666540297898763
440,13,38.304822198275865,118.09334590517241,42.271205357142854,134.72532242063494,17.098387005031796
441,14,38.47064393939394,195.59856376262624,43.44184027777778,184.6875,11.9901670324836
442,15,22.447467672413794,31.452047413793103,40.234375,29.709610849056606,17.872049615594477
443,16,50.65081870719178,86.53413955479452,58.24819711538461,75.34930889423077,13.521116654432117
444,17,61.490885416666664,141.77864583333331,63.014322916666664,133.21614583333334,8.696968901083066
445,18,44.51235852518541,166.3846424984549,62.47209821428571,169.63239397321428,18.25103118571787
446,19,58.24819711538461,75.34930889423077,65.8883759469697,60.50544507575758,16.694688545761444
447,20,62.47209821428571,169.63239397321428,71.49558738425927,190.1953125,22.455666882545643
448,21,120.68336989176835,141.66607783322286,122.05312262898332,107.56295049317146,34.13062432673727
449,22,63.014322916666664,133.21614583333334,73.8232421875,132.1728515625,10.859152763404058
450,23,79.22931407232704,21.35048152515723,97.41342905405406,30.363175675675674,20.295090379681938
451,24,83.935546875,49.32454427083333,100.82502693965519,56.02858970905172,18.17137204759403
452,25,91.36101973684211,104.05222039473685,94.879844065232,86.33305050016813,18.065190461400046
453,26,91.36101973684211,104.05222039473685,94.74283854166666,107.74739583333333,5.009093725482848
454,27,97.41342905405406,30.363175675675674,103.65188953488371,43.95666787790697,14.956651343900361
455,28,100.82502693965519,56.02858970905172,103.65188953488371,43.95666787790697,12.398485747443976
456,29,110.28933057598039,11.934870302287582,128.6468050373134,23.226154384328357,21.552029250626084
457,30,108.64736519607843,108.08057598039215,122.05312262898332,107.56295049317146,13.415747034545078
458,31,118.73828125000001,183.6328125,134.2873086734694,196.5481505102041,20.213317633026623
459,32,125.10076879980079,32.7078405129482,128.6468050373134,23.226154384328357,10.123079809989392
460,33,137.75959256329114,90.7782832278481,155.70179332386365,80.53977272727273,20.657920161600998
461,34,156.48585728236608,148.56959751674108,174.27582183441558,121.51988636363636,32.37544922050621
462,35,155.70179332386365,80.53977272727273,169.4949127906977,81.53161337209302,13.828734305462435
463,36,158.717437885208,11.064799210323576,165.6746031746032,9.9578373015873,7.044679803323799
464,37,156.89538043478262,44.686226222826086,171.85280539772728,47.18128551136363,15.164098468931062
465,38,162.84722222222223,100.94618055555556,165.1138630319149,93.71675531914893,7.576427245671738
466,39,164.1398514851485,189.41058168316832,183.125,195.93191964285714,20.07395608532225
467,40,165.1138630319149,93.71675531914893,169.4949127906977,81.53161337209302,12.948794587096991
468,41,174.27582183441558,121.51988636363636,181.7578125,100.71777343749999,22.106743010032524
469,42,165.6746031746032,9.9578373015873,178.94035218253967,10.844494047619047,13.295347190910492
470,43,165.1138630319149,93.71675531914893,181.7578125,100.71777343749999,18.056447839751055
471,44,192.19823145604394,162.26176167582418,195.5887957317073,176.11947408536585,14.266468355306788
472,45,171.85280539772728,47.18128551136363,191.99683779761904,53.73883928571429,21.184512098025532
473,1,2.0353618421052633,155.1243832236842,2.845149253731343,161.21443563432837,6.143654776793755
474,2,2.845149253731343,161.21443563432837,3.639481707317073,177.96779725609758,16.772182018944022
475,3,2.0353618421052633,155.1243832236842,3.7882486979166665,144.10400390625,11.158914491535812
476,4,5.425941780821917,118.58411815068493,17.025862068965516,121.96928879310344,12.083771388501924
477,5,6.3210227272727275,7.836174242424243,11.26736111111111,18.6328125,11.875759389293023
478,6,15.835106516921837,131.76684629331183,17.025862068965516,121.96928879310344,9.86965205843714
479,7,11.99167011589404,99.38172599337747,24.38342524509804,103.73774509803921,13.135086509891423
480,8,11.26736111111111,18.6328125,20.80955884428636,25.640102755194217,11.838735333622196
481,9,11.62109375,42.3779296875,20.80955884428636,25.640102755194217,19.094049890076743
482,10,12.09984756097561,66.4919969512195,16.098484848484848,73.83996212121212,8.365506099243712
483,11,18.09772995283019,199.37352594339623,30.8695211038961,186.39661120129873,18.207662272519052
484,12,22.60581215659341,9.471046531593407,26.153885690789476,2.7497944078947367,7.600266831788634
485,13,25.36912270642202,116.40266628440368,28.128559962717482,122.88441124689314,7.044679675484816
486,14,24.38342524509804,103.73774509803921,25.36912270642202,116.40266628440368,12.703221171895104
487,15,28.31648284313725,88.3578431372549,38.08358433734939,95.23484563253012,11.945268306666982
488,16,15.835106516921837,131.76684629331183,29.074622844827587,141.448904454023,16.40204386118621
489,17,30.8695211038961,186.39661120129873,40.27102508907364,181.78954498218528,10.469638787016736
490,18,34.780458860759495,168.03797468354432,40.27102508907364,181.78954498218528,14.807160537590184
491,19,38.08358433734939,95.23484563253012,46.55121197718631,97.99043488593155,8.904717288066568
492,20,37.80751329787234,123.25049867021276,43.023838141025635,126.71274038461537,6.260763736018779
493,21,39.47743055555556,57.89322916666667,54.371995192307686,55.09815705128205,15.154553238171948
494,22,40.27102508907364,181.78954498218528,47.427849264705884,195.28308823529412,15.274025068868834
495,23,49.45840881642512,15.776909722222221,55.76497395833333,26.676432291666668,12.59255161319423
496,24,56.8626926369863,100.6555008561644,58.17793322532792,90.29439608057464,10.444249612871662
497,25,61.353290436954524,158.3109640560404,69.93963068181817,150.39654356060606,11.677469356804869
498,26,40.27102508907364,181.78954498218528,53.96935096153847,176.55198317307693,14.665475969516626
499,27,56.8626926369863,100.6555008561644,57.658894856770836,106.21541341145833,5.61663294130077
500,28,54.71389358108109,116.73880912162163,65.38026823547214,114.95322904055689,10.814797478165332
501,29,60.44111626637555,130.76470387554588,67.9592225609756,130.52115091463415,7.522050272477171
502,30,63.2720947265625,11.2091064453125,74.15364583333334,13.0859375,11.042221212106966
503,31,65.38026823547214,114.95322904055689,65.75689935064936,121.50974025974025,6.567319876798831
504,32,65.75689935064936,121.50974025974025,71.06854838709677,124.54187067972352,6.11616140812034
505,33,69.12004171545667,59.17694306206089,69.8780293367347,52.391581632653065,6.827567279910629
506,34,67.9592225609756,130.52115091463415,71.06854838709677,124.54187067972352,6.7394138632804745
507,35,67.9592225609756,130.52115091463415,69.64074337121212,138.8168797348485,8.464433170259738
508,36,69.06960227272727,75.85819128787878,73.6376953125,77.3583984375,4.808128067324603
509,37,69.93963068181817,150.39654356060606,77.63871173469387,152.3955676020408,7.954366484955531
510,38,76.28357656514383,197.59610300338412,86.05477096688034,198.02642561431625,9.780665498114455
511,39,76.48399819131832,84.42775321543408,81.50185032894737,81.35793585526315,5.882399059900237
512,40,77.63871173469387,152.3955676020408,78.15372242647058,145.2493106617647,7.164790594922442
513,41,78.85954483695652,166.23216711956522,87.04596185064936,174.122362012987,11.369810859388075
514,42,83.03168402777777,108.01215277777779,87.99402573529412,103.0905330882353,6.989075446054962
515,43,83.14357850609755,181.40958460365854,87.5390625,183.27008928571428,4.773023906561109
516,44,87.04596185064936,174.122362012987,93.53651889534885,170.4124273255814,7.476024754862272
517,45,78.15372242647058,145.2493106617647,87.20703125,148.15204326923077,9.507273912360072
518,46,81.50185032894737,81.35793585526315,92.59563577586208,73.26912715517241,13.729563056734188
519,47,94.00227864583334,87.25179036458334,96.8994140625,98.46540178571429,11.581816555559103
520,48,87.99402573529412,103.0905330882353,96.8994140625,98.46540178571429,10.034828390355989
521,49,99.35360863095238,16.899181547619047,105.72362588652481,17.74434840425532,6.4258405560554515
522,50,96.8994140625,98.46540178571429,107.23737277142095,112.67161305880788,17.569571110392143
523,51,93.53651889534885,170.4124273255814,100.83667652027026,161.53663429054055,11.492258409450162
524,52,103.17214439655173,190.75296336206898,109.62665264423077,186.99669471153845,7.467946899537719
525,53,109.29036458333334,52.52864583333333,111.26690764925374,41.87325093283582,10.837165818468698
526,54,109.29036458333334,52.52864583333333,116.44056165540539,54.676942567567565,7.4659558683258505
527,55,113.75229779411764,79.18198529411765,123.71639601528383,69.50481031659389,13.88995928383735
528,56,113.55716765873017,171.55567956349208,118.32748724489797,165.64492984693877,7.5955849785195
529,57,105.72362588652481,17.74434840425532,115.69966074159022,21.496320718654435,10.658262882735494
530,58,115.69966074159022,21.496320718654435,125.57291666666666,33.294270833333336,15.384173993767389
531,59,109.62665264423077,186.99669471153845,126.708984375,192.68838205645162,18.005592525443028
532,60,115.69966074159022,21.496320718654435,129.4140625,18.10369318181818,14.12780015412071
533,61,132.72664835164835,135.14337225274727,143.88510338345867,143.04364426691728,13.672067019833204
534,62,118.32748724489797,165.64492984693877,134.16078629032256,173.48580309139786,17.66840830118882
535,63,135.08731617647058,103.71859681372548,138.51677389705884,105.14705882352942,3.715061772131848
536,64,138.19550304878047,113.43130716463415,138.51677389705884,105.14705882352942,8.290475591608114
537,65,129.4140625,18.10369318181818,141.9921875,2.009662828947368,20.426136235586796
538,66,155.88312922297297,195.65297719594594,164.95217155806932,173.04698099687946,24.357310874314074
539,67,143.88510338345867,143.04364426691728,152.36352848101268,131.8779667721519,14.019844722818592
540,68,154.4621394230769,44.57632211538461,170.99076704545456,45.54332386363637,16.5568905130265
541,69,163.8209292763158,94.12520559210526,177.4248798076923,106.24399038461539,18.21901245697235
542,70,170.37898936170214,14.972573138297873,186.80989583333334,16.920572916666668,16.545978079763593
543,71,170.99076704545456,45.54332386363637,183.51603945623341,54.56678962201591,15.437142975851026
544,72,177.4248798076923,106.24399038461539,185.171875,104.125,8.031566146134335
545,73,183.51603945623341,54.56678962201591,184.1244103773585,63.553950471698116,9.007728643544453
546,74,184.91753472222223,144.81879340277777,191.3642207278481,130.53303006329114,15.672995713868898
547,75,164.95217155806932,173.04698099687946,192.59535845588235,182.87999770220588,29.339972723140868
548,76,185.171875,104.125,195.90287642045453,109.20632102272727,11.873256285527038
549,1,6.758700284090908,105.5948153409091,12.481971153846153,84.3389423076923,22.012904575562516
550,2,7.485351562500001,190.078125,32.24170612048854,191.1958474852477,24.781573690039703
551,3,9.358258928571427,149.91629464285714,26.637300531914892,134.69913563829786,23.024491458012996
552,4,11.541819852941176,13.570772058823529,14.293323863636365,35.80433238636363,22.403168953503812
553,5,12.481971153846153,84.3389423076923,20.6005859375,82.255859375,8.38159534395671
554,6,14.293323863636365,35.80433238636363,25.327034883720927,38.52198401162791,11.363468186739341
555,7,20.6005859375,82.255859375,28.380310457516337,81.16447099673204,7.855904925567891
556,8,28.380310457516337,81.16447099673204,33.8046875,86.4609375,7.581320710751093
557,9,32.217261904761905,166.02957589285714,34.706821236559136,163.67607526881721,3.4259116821504696
558,10,33.8046875,86.4609375,39.22265625,90.72265625,6.893230888348226
559,11,37.75213068181818,3.2404119318181817,42.082331730769226,3.8711939102564106,4.375902995800891
560,12,39.60704677152318,60.347682119205295,43.01287095323741,80.96672661870502,20.898436171855057
561,13,39.22265625,90.72265625,43.01287095323741,80.96672661870502,10.466321725774353
562,14,39.22265625,90.72265625,44.39538043478261,95.78804347826086,7.239835858917192
563,15,47.824260752688176,108.63575268817205,51.171875,105.79892113095238,4.387953330750287
564,16,43.01287095323741,80.96672661870502,58.088107638888886,72.03559027777777,17.522213258280008
565,17,64.35347576530613,21.942761479591837,64.47623890532545,27.06753883136095,5.126247525603209
566,18,64.35347576530613,21.942761479591837,67.734375,20.655381944444446,3.6177100080948965
567,19,66.79937900641025,117.93369391025641,78.74255952380952,128.671875,16.060762559334226
568,20,67.42350260416666,43.994140625,71.07147752192982,31.916461074561404,12.616578946913931
569,21,67.33988667582418,88.41861263736264,81.453125,88.89453125,14.121260372956796
570,22,71.07147752192982,31.916461074561404,75.86167279411765,25.344669117647058,8.132307192344292
571,23,75.86167279411765,25.344669117647058,83.0376838235294,22.417279411764707,7.750144823443309
572,24,81.453125,88.89453125,92.65372983870968,86.39112903225806,11.476958282433623
573,25,83.0376838235294,22.417279411764707,87.6861572265625,24.0936279296875,4.941502740285389
574,26,87.6861572265625,24.0936279296875,100.94324590543881,19.751670658220025,13.950017676936465
575,27,106.37882313829788,113.22307180851064,106.80245535714286,133.65885416666669,20.44017281841729
576,28,106.80245535714286,133.65885416666669,123.88780381944444,132.94542100694443,17.100237394599596
577,29,116.17044588414633,186.206650152439,118.29524253731343,190.51422574626866,4.803120684915885
578,30,116.40625,89.73679315476191,121.57416631711409,85.45511744966443,6.711192584356075
579,31,116.17044588414633,186.206650152439,120.18033364661653,165.921640037594,20.677544226212504
580,32,120.75552591463415,16.037061737804876,137.80381944444443,17.626953125,17.122268158793943
581,33,121.57416631711409,85.45511744966443,122.91592684659092,91.81019176136364,6.495174426116751
582,34,123.81114130434783,51.19735054347826,138.89945652173913,47.963654891304344,15.430944354453837
583,35,122.91592684659092,91.81019176136364,135.40369439264782,105.06137203649442,18.20818818467031
584,36,118.29524253731343,190.51422574626866,131.8359375,187.39970439189187,13.8942672832861
585,37,137.80381944444443,17.626953125,141.1393873762376,24.290300123762375,7.451590880712825
586,38,123.88780381944444,132.94542100694443,145.78536184210526,128.59786184210526,22.32497072892985
587,39,146.89503205128204,167.56810897435898,150.82449261992622,182.55664783210332,15.495062357107242
588,40,149.70815373563218,85.87015086206897,157.06820101351352,74.5407516891892,13.510202868613677
589,41,150.712890625,69.5263671875,157.06820101351352,74.5407516891892,8.095308645451912
590,42,150.712890625,69.5263671875,152.82118055555557,60.781973379629626,8.994960227727733
591,43,150.82449261992622,182.55664783210332,159.1984375,197.23906250000002,16.902551681168784
592,44,161.4169034090909,111.75426136363636,169.945693597561,92.75914634146342,20.82197533339532
593,45,167.33373050259965,180.7754278596187,169.24370659722223,169.41731770833331,11.517581121518605
594,46,193.18625710227272,123.51740056818181,193.97898706896552,149.75754310344826,26.25211422097642
595,47,169.945693597561,92.75914634146342,195.00396286231884,95.34363677536231,25.191197854568642
596,1,0.9363918439716312,94.52016843971631,13.272270114942527,108.87886135057472,18.930027861166696
597,2,0.6399601063829787,158.43999335106383,13.24314024390244,161.4817549542683,12.965047752688536
598,3,21.334245698848285,184.86074021576852,23.61328125,192.8173828125,8.276603437131396
599,4,5.3720418689320395,61.76615594660194,15.775035716347263,77.65928949722928,18.995103975694246
600,5,3.6920362903225805,26.701108870967744,9.379069010416668,38.7451171875,13.319177057465634
601,6,13.590494791666666,199.15907118055557,23.61328125,192.8173828125,11.860575860677304
602,7,3.6920362903225805,26.701108870967744,15.059528046697038,12.427480780182233,18.247090938155115
603,8,21.149088541666668,127.91992187500001,34.01331018518518,142.90364583333331,19.748422269971392
604,9,23.61328125,192.8173828125,32.524595571363015,193.19875086048646,8.919471089821105
605,10,31.422899590163933,51.51447233606557,33.14079122340425,65.83485704787235,14.423056886725021
606,11,33.14079122340425,65.83485704787235,41.459809974993505,88.64236753864641,24.277327031122322
607,12,34.01331018518518,142.90364583333331,43.085307459677416,142.35131048387098,9.088795788588287
608,13,39.63605065977905,8.828540558510637,52.78695913461539,13.372896634615383,13.913934233708034
609,14,34.01331018518518,142.90364583333331,37.3291015625,157.7490234375,15.211170522618186
610,15,43.085307459677416,142.35131048387098,44.281056301652896,130.13946280991735,12.27025015657514
611,16,31.422899590163933,51.51447233606557,45.93730565920398,35.790772699004975,21.39866149583862
612,17,52.78695913461539,13.372896634615383,62.58107311320755,10.762455778301886,10.136028319315473
613,18,60.42158018867924,145.7455041273585,76.30895585035944,149.2862189037079,16.277142456303785
614,19,68.0944683908046,106.02101293103448,71.55198317307693,110.06760817307692,5.322531495684387
615,20,71.26538825757575,93.4481534090909,76.19004360465115,93.89080668604652,4.944509299321611
616,21,71.75236191860465,36.182776162790695,86.92522321428572,40.597098214285715,15.801960608490702
617,22,74.6807391826923,14.952674278846153,84.92666260445682,18.18745647632312,10.744429376648
618,23,76.30895585035944,149.2862189037079,82.60909164507773,188.9208225388601,40.132200492217116
619,24,81.23779296875,70.76958550347221,85.05415482954545,61.31036931818182,10.200068072939219
620,25,86.92522321428572,40.597098214285715,91.91645408163265,39.26977040816326,5.164705671774785
621,26,91.95241344581972,117.93499678888371,106.52195411392404,111.74841772151898,15.828622044773871
622,27,98.39096069335938,5.2028656005859375,101.13166360294117,20.01378676470588,15.062364959340421
623,28,94.81026785714286,78.74813988095238,95.22153253424658,75.01070205479452,3.759997358912482
624,29,95.22153253424658,75.01070205479452,95.69065824468085,69.49800531914893,5.532621822552842
625,30,91.91645408163265,39.26977040816326,97.1023787313433,37.16767723880597,5.595767165021701
626,31,95.69065824468085,69.49800531914893,98.01382211538461,60.80228365384615,9.000703619748817
627,32,101.13166360294117,20.01378676470588,101.90304487179486,28.791065705128204,8.811109729195271
628,33,94.81026785714286,78.74813988095238,102.36409505208333,86.60481770833334,10.898976638853835
629,34,104.87523187785388,103.37293093607305,107.47584292763158,108.22111430921053,5.501641559734018
630,35,142.29962300806056,72.44926573487956,163.3285984848485,45.27698863636363,34.35913928377545
631,36,106.52195411392404,111.74841772151898,107.47584292763158,108.22111430921053,3.654007831327016
632,37,106.52195411392404,111.74841772151898,108.3203125,116.19531249999999,4.796766208150178
633,38,114.70588235294117,3.182444852941176,128.46354166666666,10.367838541666668,15.521052549827738
634,39,104.87523187785388,103.37293093607305,117.33993902439023,98.08974847560977,13.538129160244464
635,40,120.03088662790698,115.12990552325581,122.59807180851064,121.6547539893617,7.011710722580854
636,41,122.59807180851064,121.6547539893617,125.6772933467742,128.39591733870967,7.411132746368715
637,42,128.46354166666666,10.367838541666668,130.03061655405406,18.9893018018018,8.76272517248716
638,43,130.03061655405406,18.9893018018018,137.176513671875,22.83935546875,8.117065901966235
639,44,150.9555404512654,175.7673941076329,162.6953125,158.9389534883721,20.518739274922254
640,45,128.46354166666666,10.367838541666668,139.74335572429905,2.250657126168224,13.896864369593398
641,46,143.65384615384616,132.8185096153846,160.91269841269843,128.23040674603175,17.85829412997372
642,47,139.74335572429905,2.250657126168224,155.96447960805085,14.00043034957627,20.029528972333306
643,48,159.8193359375,150.6884765625,162.6953125,158.9389534883721,8.737368636631821
644,49,161.75729851973685,35.672800164473685,166.766357421875,40.71044921875,7.1041240895088995
645,50,163.3285984848485,45.27698863636363,166.766357421875,40.71044921875,5.715896146863128
646,51,166.766357421875,40.71044921875,172.81684027777777,43.82378472222222,6.804498566886028
647,52,162.6953125,158.9389534883721,173.70437738549617,174.807669370229,19.313613162538033
648,53,175.625,54.7265625,184.60838188559322,51.29270391949152,9.617303928510115
649,54,179.47676809210526,109.63199013157893,195.09198588709677,110.07119455645163,15.621393257704232
650,55,180.86511948529412,0.7984834558823529,197.7298924180328,4.940445696721311,17.36595569720741
651,56,181.59816576086956,81.98029891304348,187.98914546460176,91.53588219026548,11.495816340801635
652,57,173.70437738549617,174.807669370229,182.5106534090909,195.98129734848484,22.931921401516227
653,58,184.60838188559322,51.29270391949152,188.09777462121212,47.49940814393939,5.154120148406656
654,59,184.906005859375,67.620849609375,196.27704326923077,74.4170673076923,13.247228645239757
655,60,187.98914546460176,91.53588219026548,195.06009615384616,97.91165865384616,9.520969969665646
656,61,189.3017578125,23.564453125,191.96029974489795,16.238839285714285,7.793103574870072
657,62,195.06009615384616,97.91165865384616,197.6514862804878,94.50504954268293,4.280220604678703
658,63,195.06009615384616,97.91165865384616,195.09198588709677,110.07119455645163,12.159577719717003
659,64,173.70437738549617,174.807669370229,194.81336805555557,176.09049479166669,21.1479343712463
660,65,191.96029974489795,16.238839285714285,197.7298924180328,4.940445696721311,12.686287766943034
661,1,0.9685083762886598,52.69813144329897,13.636363636363635,45.12479707792208,14.759063327325613
662,2,2.1304086538461537,5.609975961538462,30.885074013157894,9.467516447368421,29.012262899088377
663,3,3.250411184210526,170.27138157894737,17.65190972222222,152.76475694444446,22.6690332002434
664,4,9.386837121212121,34.78338068181818,16.240985576923077,39.21274038461539,8.160795208169889
665,5,11.623733108108109,105.19953547297298,29.648437500000004,111.52777777777779,19.103314348128393
666,6,13.636363636363635,45.12479707792208,16.240985576923077,39.21274038461539,6.460376908363482
667,7,17.65190972222222,152.76475694444446,37.30584455605843,151.91547396465762,19.672275822396244
668,8,20.452724358974358,62.189503205128204,21.003527789792386,56.048943014705884,6.165214016690765
669,9,16.240985576923077,39.21274038461539,25.417968749999996,43.421875,10.096228720139312
670,10,29.648437500000004,111.52777777777779,32.42745535714286,115.86495535714285,5.151121198852336
671,11,30.885074013157894,9.467516447368421,48.47972972972973,1.0346283783783783,19.511163752293424
672,12,40.08485004578755,76.64048191391942,53.471349186360214,87.82629900621542,17.444794732608766
673,13,40.63214557926829,189.30544969512195,60.32151442307693,191.0362830528846,19.76529862106531
674,14,50.998561459353574,36.51616827864839,60.45252913135594,37.06302966101695,9.469770964220402
675,15,48.330965909090914,109.48153409090908,65.20647321428571,110.29265873015872,16.89498949357711
676,16,60.45252913135594,37.06302966101695,68.02517361111111,36.966145833333336,7.573264216494309
677,17,60.32151442307693,191.0362830528846,79.32368259803921,194.12147671568627,19.25099517652376
678,18,61.47103658536586,140.96798780487805,77.10217927631578,150.54995888157893,18.334306410103704
679,19,63.1095467032967,160.58336195054946,77.10217927631578,150.54995888157893,17.21809929893371
680,20,68.02517361111111,36.966145833333336,69.35508578431373,17.244944852941178,19.765991867281873
681,21,71.46070075757575,60.82504734848485,77.29698503521126,58.38468309859155,6.3259459246450005
682,22,79.32368259803921,194.12147671568627,88.95182291666667,197.34375,10.153035561544218
683,23,80.58801161504425,122.83946349557522,84.87172067901234,118.41724537037037,6.15679920832348
684,24,83.47135026236882,45.894923631934034,93.07892628205127,38.41145833333333,12.178167754195963
685,25,79.32368259803921,194.12147671568627,82.86490091463415,172.4752286585366,21.93399831579832
686,26,83.14112103174604,113.21924603174602,84.87172067901234,118.41724537037037,5.4785191670247375
687,27,83.14112103174604,113.21924603174602,84.03588598901099,93.58688186813187,19.652743497575877
688,28,77.29698503521126,58.38468309859155,89.84052169421489,68.04945764462809,15.835030121268593
689,29,101.55222039473684,118.9710115131579,102.21022002551021,108.05963010204083,10.931203401866103
690,30,102.17569040697674,10.269803779069768,116.10504518072288,17.072195030120483,15.501595116156789
691,31,105.73417467948718,87.7704326923077,116.10137195121952,105.09479801829269,20.189413394628534
692,32,88.95182291666667,197.34375,106.87227470930232,186.73691860465115,20.82420381915083
693,33,107.8125,31.15985576923077,116.10504518072288,17.072195030120483,16.347124844283776
694,34,111.376953125,60.982259114583336,114.31864754098359,67.77984118852459,7.406800124817503
695,35,113.06467899659864,160.54288903061226,128.37880562060892,167.0682450234192,16.64640336796755
696,36,116.10137195121952,105.09479801829269,120.61040088383838,110.3956228956229,6.959172816888287
697,37,117.48497596153847,135.80528846153845,132.2233606557377,118.83901127049181,22.473863600138625
698,38,124.7342469262295,38.63345286885246,125.51740679824562,33.45326206140351,5.239056803157881
699,39,129.41520301094891,85.51408531021897,143.69055706521738,76.8639605978261,16.69162637116796
700,40,132.2233606557377,118.83901127049181,142.8420608108108,121.7113597972973,11.000326315286808
701,41,138.6360012755102,71.30500637755102,143.69055706521738,76.8639605978261,7.5133551928799625
702,42,142.85894745024876,39.99533582089552,154.75014740566039,49.68307783018868,15.33795884784558
703,43,142.56663602941177,154.17049632352942,151.42996651785714,143.896484375,13.568859527091078
704,44,150.40194746376812,190.9859035326087,174.445064484127,186.69394841269843,24.423192969102015
705,45,152.83011642156862,67.78875612745098,156.35209517045453,75.91441761363636,8.85611138681535
706,46,151.42996651785714,143.896484375,162.79440487132354,133.62390854779412,15.31914727442205
707,47,166.54296875,33.46875,171.97061323221757,36.66808315899582,6.30040135924665
708,48,166.54296875,33.46875,173.1702302631579,13.452265251196172,21.085071896080414
709,49,173.03977272727275,159.31285511363635,179.36028814935065,164.80316558441558,8.372121849702916
710,50,173.77604166666666,68.81510416666666,185.05522629310346,54.55953663793104,18.178042012372764
711,51,174.445064484127,186.69394841269843,189.886474609375,173.077392578125,20.587562737054803
712,52,178.70213963963963,50.04047015765766,185.05522629310346,54.55953663793104,7.796388386910344
713,53,178.36834016393445,93.72118340163934,179.79600694444443,101.64388020833333,8.050301679252206
714,54,179.36028814935065,164.80316558441558,182.8425480769231,160.24263822115387,5.737991289139063
715,55,189.886474609375,173.077392578125,191.44370719178085,165.0577910958904,8.16939295477734
716,56,191.1798429726368,138.49793998756218,192.15599798387098,118.09475806451613,20.42651980125032
717,57,179.79600694444443,101.64388020833333,191.07827240566039,103.58932783018868,11.448767636157555
718,58,191.07827240566039,103.58932783018868,192.15599798387098,118.09475806451613,14.545411603143792
719,59,178.36834016393445,93.72118340163934,197.8486473880597,78.26201026119402,24.869024985563318
720,60,173.1702302631579,13.452265251196172,198.15602022058823,14.671415441176471,25.01551572489672
721,1,4.7114158163265305,85.6265943877551,32.182384672619044,71.08212425595238,31.083689313179907
722,2,10.464442728136882,134.61932628326997,21.14800347222222,144.15690104166669,14.32144554312055
723,3,10.464442728136882,134.61932628326997,12.447277607361963,117.86570168711657,16.870553377619466
724,4,12.8753662109375,164.398193359375,25.078876201923077,157.83503605769232,13.85643135394953
725,5,16.042148919753085,17.038001543209877,21.6390625,34.3609375,18.20465742022641
726,6,21.14800347222222,144.15690104166669,31.920276988636363,146.2091619318182,10.966022591335612
727,7,21.6390625,34.3609375,30.4906952247191,35.17673220973783,8.88914635393941
728,8,21.6390625,34.3609375,22.47265625,52.78125,18.43916459977771
729,9,25.078876201923077,157.83503605769232,31.920276988636363,146.2091619318182,13.489466776530145
730,10,29.728190104166668,114.9169921875,43.1854081284153,107.70844006147541,15.266300819313619
731,11,32.182384672619044,71.08212425595238,49.544033323199564,66.33357189906769,17.999322024795255
732,12,49.544033323199564,66.33357189906769,54.81270032051282,53.590745192307686,13.789071194503776
733,13,35.42009320175439,195.44270833333331,52.50137061403509,175.30838815789474,26.4038044031985
734,14,29.728190104166668,114.9169921875,38.26709088486141,127.70730610341153,15.378717651680493
735,15,30.4906952247191,35.17673220973783,41.81436567164179,27.034748134328357,13.946950099384873
736,16,41.62239583333333,104.22135416666667,43.1854081284153,107.70844006147541,3.8213578048059746
737,17,41.62239583333333,104.22135416666667,43.900669642857146,87.63392857142858,16.743154404971662
738,18,48.17116477272727,8.030007102272728,65.21434294871796,12.755408653846153,17.68613417799881
739,19,51.962730532786885,43.40099897540984,54.81270032051282,53.590745192307686,10.580796555823888
740,20,52.50137061403509,175.30838815789474,73.09966216216216,158.79170185810813,26.40247225218127
741,21,65.21434294871796,12.755408653846153,68.54183799342105,8.961245888157894,5.046572536391294
742,22,67.1917644650655,107.6171875,69.683837890625,102.215576171875,5.948767510880565
743,23,66.52587890625,65.7275390625,66.65173451834863,52.78275516055045,12.945395702846193
744,24,66.65173451834863,52.78275516055045,72.61884973404256,48.27543218085106,7.478129742167637
745,25,69.683837890625,102.215576171875,73.90708111702128,84.57446808510637,18.139583178186736
746,26,76.18325242718447,112.56636832524272,83.84576612903226,109.33719758064515,8.315146416556356
747,27,107.59186921296295,84.26649305555556,113.48930027173914,81.53023097826086,6.501293967254444
748,28,107.59186921296295,84.26649305555556,108.92068614130434,108.52156929347827,24.291448654546922
749,29,111.38555463576158,46.91690811258278,114.25015318627452,32.28975183823529,14.905020145232411
750,30,109.74719929245282,153.59301297169813,112.94825819672131,142.27394979508196,11.762991511721172
751,31,111.42038918711657,66.26485812883436,113.48930027173914,81.53023097826086,15.404934316902558
752,32,121.49427359114978,170.72306992246595,136.71603732638889,162.40776909722223,17.344921995377767
753,33,121.49427359114978,170.72306992246595,123.48772321428572,188.82254464285714,18.208921619746203
754,34,108.92068614130434,108.52156929347827,134.41581156716418,102.21548507462686,26.2634369162829
755,35,145.01821204008175,55.69850082207608,156.47029433139534,75.24754723837209,22.65646496242329
756,36,136.71603732638889,162.40776909722223,141.73519736842107,165.68667763157893,5.995265524078954
757,37,144.76782570422534,137.2469190140845,161.9035802948757,129.00467612947241,19.014958668372973
758,38,141.73519736842107,165.68667763157893,149.7450657894737,158.40254934210526,10.826657704946927
759,39,156.47029433139534,75.24754723837209,175.24056783536585,84.61556783536585,20.97815476441045
760,40,161.9035802948757,129.00467612947241,172.53274356617646,137.83892463235296,13.82110916166342
761,41,158.81138392857144,175.41294642857144,166.1505681818182,190.234375,16.53899544715652
762,42,166.1505681818182,190.234375,171.49747522865854,195.4315929878049,7.45657359517853
763,43,172.53274356617646,137.83892463235296,182.1352066532258,142.3733618951613,10.619247554722975
764,44,178.8550204918033,32.89574795081967,195.8533653846154,9.723557692307692,28.73837383137167
765,45,171.49747522865854,195.4315929878049,183.24161724452554,189.9578010948905,12.957131988823283
766,46,187.39773006889763,154.64213213582678,193.09451219512195,143.8767149390244,12.179800245278143
767,47,182.1352066532258,142.3733618951613,193.09451219512195,143.8767149390244,11.06193691607071
768,48,195.3125,96.91256009615384,199.111328125,99.9853515625,4.886014993728617
769,1,1.8674616228070176,110.17338267543859,9.025065104166668,117.52115885416667,10.257733783300074
770,2,10.472790948275861,194.18776939655174,19.919788670912077,174.24490935702548,22.067247959988737
771,3,12.509084302325583,148.9689316860465,19.919788670912077,174.24490935702548,26.33996177792244
772,4,17.28025634480747,28.429705732205367,23.712713068181817,6.2677556818181825,23.076579675808553
773,5,19.66684587325784,76.78537402003485,40.42373889593909,59.52768083756346,26.9940101121592
774,6,9.025065104166668,117.52115885416667,30.61623086734694,114.57868303571428,21.790745809983306
775,7,40.42373889593909,59.52768083756346,48.94545558608059,76.0237809065934,18.567201534816338
776,8,19.919788670912077,174.24490935702548,41.02430555555556,191.41059027777777,27.20406650497828
777,9,41.9288429054054,29.395411036036034,49.446434737569064,24.238173342541437,9.116539232746996
778,10,66.53487042682927,138.31459603658536,75.66287878787878,120.64985795454545,19.88374985123431
779,11,68.51058467741935,171.0055443548387,96.37697688564477,158.06103634428223,30.72614688401406
780,12,75.51215277777777,70.78559027777777,99.00375484496125,75.32552083333334,23.92626876744817
781,13,75.66287878787878,120.64985795454545,79.7124335106383,114.78141622340425,7.130042202148842
782,14,79.7124335106383,114.78141622340425,80.65863715277779,101.66015625,13.155332174523704
783,15,82.08306760204081,29.235092474489793,84.4641644021739,22.30383831521739,7.328840712693586
784,16,80.65863715277779,101.66015625,94.17134712837839,105.45111908783784,14.034412354016235
785,17,96.37697688564477,158.06103634428223,117.12673611111111,156.71440972222223,20.793410282444437
786,18,99.00375484496125,75.32552083333334,107.11167279411764,86.71300551470588,13.979025031766234
787,19,104.84260110294117,197.66773897058823,119.59795884683098,198.05994168133802,14.760569268035987
788,20,106.64611130617978,10.016897823033707,109.89149305555554,22.413194444444446,12.814081029288857
789,21,107.11167279411764,86.71300551470588,114.34927508688098,85.52108221112077,7.335091554291761
790,22,109.71163075938566,113.04027570392492,119.32223135964912,119.83963815789474,11.772636649376336
791,23,114.34927508688098,85.52108221112077,120.70881371359224,88.81030036407766,7.159796617388911
792,24,114.41180889423077,141.18840144230768,116.85075431034481,135.3246228448276,6.3507758725253005
793,25,115.46875000000001,186.10243055555554,123.31183381782947,188.44628149224806,8.185817062879712
794,26,114.41180889423077,141.18840144230768,117.12673611111111,156.71440972222223,15.761591382247289
795,27,119.59795884683098,198.05994168133802,123.31183381782947,188.44628149224806,10.306082162077992
796,28,119.32223135964912,119.83963815789474,124.1943359375,111.19249131944444,9.925248181442939
797,29,122.24609375,104.69401041666666,124.1943359375,111.19249131944444,6.784239210473222
798,30,116.85075431034481,135.3246228448276,125.44424019607843,136.15579044117646,8.633587854508875
799,31,126.49836753731343,68.23694029850746,130.41204637096774,80.57585685483872,12.944718760834444
800,32,120.70881371359224,88.81030036407766,130.41204637096774,80.57585685483872,12.726302837431074
801,33,144.95404411764704,161.5854779411765,146.05823863636365,173.4759706439394,11.941652408675363
802,34,146.4293573943662,29.68199823943662,152.9530083955224,19.21933302238806,12.329857494266673
803,35,158.12145924707602,189.538788377193,162.66882944915255,185.35487288135593,6.17929806944438
804,36,157.8268914473684,100.92927631578948,161.6280476006192,121.2751547987616,20.697911956167577
805,37,161.50948660714286,63.22544642857143,165.55851063829786,73.49567819148936,11.039576806604465
806,38,165.55851063829786,73.49567819148936,173.82481461864407,74.17902542372882,8.294500885242991
807,39,169.21440972222223,52.083333333333336,176.64620535714286,41.932896205357146,12.58026073848325
808,40,162.66882944915255,185.35487288135593,170.07740162037038,197.76475694444443,14.453102230159498
809,41,183.31780489070283,9.345708529330382,191.43483231707316,28.108326981707314,20.443140302554397
810,42,170.07740162037038,197.76475694444443,186.50079257246378,188.18783967391303,19.01170993813828
811,43,190.17168209876542,86.61747685185185,195.29215494791669,104.08935546875,18.206751072130302
812,44,176.64620535714286,41.932896205357146,191.43483231707316,28.108326981707314,20.244065836176873
813,45,193.07505933544306,156.3340585443038,199.365234375,167.2762784090909,12.621350070321602
814,46,195.29215494791669,104.08935546875,197.96549479166669,117.83311631944444,14.001346658134798
815,1,6.761796211048159,116.08699982294617,24.090846238938052,127.61338495575221,20.81234078855338
816,2,9.526730371900827,195.40289256198346,22.937729779411764,181.61764705882354,19.232469906141798
817,3,12.151501225490197,157.00252757352942,28.23738652234637,136.23756110335194,26.266700178956782
818,4,17.7913743622449,29.30385044642857,26.394198803191486,30.944564494680847,8.7578839310578
819,5,24.090846238938052,127.61338495575221,28.23738652234637,136.23756110335194,9.56923249517725
820,6,28.23738652234637,136.23756110335194,34.18288934426229,131.48053278688525,7.614349756156214
821,7,34.18288934426229,131.48053278688525,52.39214264970396,105.587272469647,31.654981216200444
822,8,36.77056760204081,44.30404974489796,38.26497395833333,50.960286458333336,6.821930631647646
823,9,42.22498022151899,22.491693037974684,56.16319444444444,17.65407986111111,14.753857698009885
824,10,38.27782346491228,162.4246162280702,46.39937789351852,147.06488715277777,17.37472082087067
825,11,46.39937789351852,147.06488715277777,58.63277749775986,150.1975876456093,12.628138352696297
826,12,49.14407169117647,176.66590073529412,52.35523897058824,185.70484834558823,9.592401638693326
827,13,38.26497395833333,50.960286458333336,50.38339120370371,49.87340856481482,12.167059631986252
828,14,56.16319444444444,17.65407986111111,66.56942246835443,21.381774129746837,11.05374534924834
829,15,50.38339120370371,49.87340856481482,61.825980392156865,65.83946078431373,19.643005646068307
830,16,71.2921626984127,131.36005704365078,92.328125,130.73697916666666,21.045187953415606
831,17,75.09287854696673,177.71297089041096,80.57291666666667,184.27571614583334,8.549879711489123
832,18,85.67157201313594,159.66226738427855,99.21484375,154.25,14.584678521567293
833,19,80.57291666666667,184.27571614583334,86.8359375,189.01785714285714,7.855783296045109
834,20,82.823486328125,58.31298828125,93.65234375,50.76583059210527,13.199384161699129
835,21,88.45735143442623,40.57697233606557,91.40218098958334,41.86197916666667,3.2129836077419136
836,22,93.43467620481928,76.4613140060241,107.26996527777777,63.08159722222222,19.246611258792395
837,23,91.40218098958334,41.86197916666667,93.65234375,50.76583059210527,9.183779323059264
838,24,95.39976728723404,24.05252659574468,104.69751602564104,9.625400641025642,17.16362709091166
839,25,100.76958573997385,100.73016564952049,108.76524390243902,89.86995045731707,13.486097414447284
840,26,99.21484375,154.25,104.36580882352942,157.16911764705884,5.92061559519702
841,27,104.69751602564104,9.625400641025642,116.96428571428572,15.529336734693878,13.613599817549016
842,28,115.10177594374265,135.2934966216216,135.120006443299,134.8058956185567,20.024168074393437
843,29,107.26996527777777,63.08159722222222,119.85568203647622,44.135080964111374,22.74578520625397
844,30,93.65234375,50.76583059210527,107.26996527777777,63.08159722222222,18.360765881664598
845,31,108.76524390243902,89.86995045731707,118.46907106164383,92.03767123287672,9.943001302248426
846,32,115.14472336065573,175.61475409836063,122.55998883928572,170.83286830357142,8.823411691231941
847,33,116.96428571428572,15.529336734693878,129.39009232954547,21.857244318181817,13.944285009458063
848,34,133.02260890151516,121.09079071969697,141.2870332792208,111.84557629870129,12.400592727164359
849,35,129.39009232954547,21.857244318181817,133.46108490566039,6.183667452830189,16.193640489675833
850,36,122.55998883928572,170.83286830357142,133.83203125,188.59765625,21.03916896862886
851,37,133.02260890151516,121.09079071969697,135.120006443299,134.8058956185567,13.874551482300488
852,38,139.72788665254237,103.12168961864407,144.4855156680441,91.60254892676768,12.462970598071168
853,39,139.72788665254237,103.12168961864407,141.2870332792208,111.84557629870129,8.862118088242921
854,40,149.40972222222223,148.49826388888889,149.9967981557377,142.46926229508196,6.0575175088347475
855,41,149.40972222222223,148.49826388888889,157.3072350543478,160.2623980978261,14.169176497576535
856,42,166.08401757527926,31.13275558523555,175.823974609375,22.796630859375,12.820208207011873
857,43,162.14735243055557,71.11545138888889,163.5546875,84.59765625,13.555457938212795
858,44,164.67633928571428,128.04966517857144,180.44960171568627,130.9436274509804,16.036546552138095
859,45,174.39175031043047,190.91247154387418,187.99780413479922,191.66840941682602,13.627037195934522
860,46,177.5769589552239,115.14692164179105,190.1372582872928,105.74950558764439,15.686699710452324
861,47,177.82175164473685,75.76583059210526,193.39192708333331,76.17437900641025,15.575534501117595
862,48,175.823974609375,22.796630859375,181.87327665441177,35.417624080882355,13.99583956500719
863,49,184.1629941239316,92.85245281339031,190.1372582872928,105.74950558764439,14.213578105301872
864,50,187.99780413479922,191.66840941682602,194.80229591836735,186.18064413265304,8.741663242588338
865,51,190.1372582872928,105.74950558764439,195.18821022727272,118.75409746503496,13.951040298037967
866,52,193.88640873015873,193.13616071428572,194.76902173913044,186.19650135869566,6.995561285217566
867,1,5.128205128205128,15.154246794871796,33.42681048785654,24.497791496046315,29.80122300987223
868,2,6.234463778409091,148.9934747869318,25.05508814102564,145.69143963675214,19.108096125248526
869,3,9.468114098837209,173.7781613372093,14.35986768018018,198.1858811936937,24.89309224851755
870,4,6.234463778409091,148.9934747869318,11.720281862745098,126.56786151960785,23.086843233105842
871,5,14.35986768018018,198.1858811936937,21.875,196.44703584558823,7.713675967334151
872,6,16.3422131147541,80.94902663934425,38.951439950980394,79.01731004901961,22.69159904275745
873,7,31.869904891304344,43.69904891304348,33.42681048785654,24.497791496046315,19.264273706277223
874,8,31.869904891304344,43.69904891304348,33.18071209016394,49.76946721311475,6.210329608839002
875,9,33.575007891414145,97.14232165404042,38.951439950980394,79.01731004901961,18.905609415548355
876,10,36.57583841463415,193.80240091463415,40.26150173611111,199.0107783564815,6.380541489248769
877,11,25.05508814102564,145.69143963675214,44.05078125,148.83705357142858,19.254382454817048
878,12,58.155415076335885,59.36009064885496,63.30915178571429,69.1796875,11.089882072800062
879,13,60.9375,119.65748856707317,84.07342552681992,132.84991618773947,26.632896885413665
880,14,44.05078125,148.83705357142858,62.945355425824175,160.47175480769232,22.189439067782647
881,15,65.1343368902439,199.45455411585365,68.7619092987805,198.74237804878047,3.696819758885703
882,16,68.7619092987805,198.74237804878047,70.3829405737705,183.7154200819672,15.114139344695356
883,17,70.98067434210526,3.032483552631579,78.61077724358975,23.928285256410255,22.245291617123875
884,18,68.7619092987805,198.74237804878047,78.85323660714286,198.25055803571428,10.103305091392253
885,19,80.25333180147058,47.44944852941176,98.876953125,53.4149169921875,19.555717455071584
886,20,70.3829405737705,183.7154200819672,91.02906685701572,176.83226416493622,21.76328021879671
887,21,98.876953125,53.4149169921875,100.31011450381679,48.5552838740458,5.066555593366331
888,22,100.89798850574712,86.82426364942529,105.57238520408163,92.45854591836735,7.3208688814590515
889,23,108.60206117021276,118.29288563829788,115.16349546370968,142.20955141129033,24.800389547039497
890,24,110.02604166666667,27.312825520833332,113.57983117816093,41.44441451149425,14.571589731150663
891,25,114.93992660984848,69.42767518939394,121.76402698863636,58.93110795454546,12.51983505064933
892,26,115.16349546370968,142.20955141129033,115.58314732142858,160.29110863095238,18.086426379182804
893,27,110.02604166666667,27.312825520833332,116.0618832236842,12.710731907894738,15.800396234982273
894,28,121.76402698863636,58.93110795454546,126.90884607919256,56.45683715062112,5.708868494343155
895,29,105.57238520408163,92.45854591836735,126.11395474137932,97.36799568965517,21.12010360089255
896,30,126.90884607919256,56.45683715062112,130.2819293478261,48.05961277173913,9.049368376103693
897,31,134.27403336864407,16.972325211864405,138.36851728723406,34.445644946808514,17.94663481322276
898,32,134.306640625,35.764973958333336,135.0005661231884,39.81261322463768,4.106691640136234
899,33,137.37187500000002,183.0640625,149.4140625,198.08508831521738,19.25215562804807
900,34,134.306640625,35.764973958333336,138.36851728723406,34.445644946808514,4.270769375633941
901,35,157.33307085648286,131.74453846850656,166.0989200367647,155.52691291360296,25.34642866555802
902,36,157.216796875,169.9169921875,166.0989200367647,155.52691291360296,16.91054385198177
903,37,158.8362809065934,83.57228708791209,167.21667576803833,100.80448051719277,19.16192861947557
904,38,158.8362809065934,83.57228708791209,162.53465221774192,71.90020161290323,12.24399974236521
905,39,138.36851728723406,34.445644946808514,159.3544407894737,42.674067982456144,22.541426993325665
906,40,179.6474358974359,65.75020032051282,187.7796875,60.584375,9.634275653595227
907,41,181.49771341463415,47.7562881097561,187.7796875,60.584375,14.283662404049451
908,42,191.26918859649123,90.02535635964912,197.95572916666666,102.63802083333333,14.275473019215084
909,43,192.2509765625,139.8779296875,198.66139481707316,132.250381097561,9.963581669783483
910,44,196.1633064516129,126.04259072580646,198.66139481707316,132.250381097561,6.691569829367099
911,45,195.81473214285714,67.61532738095238,198.1214021381579,72.52518503289474,5.42470539564663
912,46,196.44214527027026,188.97804054054055,196.55894886363637,159.99289772727272,28.985378158391427
913,47,181.49771341463415,47.7562881097561,197.03566028225808,5.648311491935484,44.88328739863015
914,48,192.2509765625,139.8779296875,196.55894886363637,159.99289772727272,20.571109950326854
915,49,196.1633064516129,126.04259072580646,197.39583333333331,116.78873697916667,9.335573452036176
916,50,197.39583333333331,116.78873697916667,197.95572916666666,102.63802083333333,14.161788403451467
917,1,10.797384510869565,95.13841711956522,43.69419642857143,97.59790990259741,32.98862438930182
918,2,14.27313112745098,22.880284926470587,46.922433035714285,25.15345982142857,32.72834000067821
919,3,14.467075892857142,149.77213541666669,16.150620404411764,155.93692555147058,6.390536716783755
920,4,25.800371503496507,185.62882430069928,25.872802734375,193.363037109375,7.7345519620136916
921,5,35.65324519230769,134.30949519230768,57.75261645047169,134.69100088443395,22.10266401588935
922,6,34.6343493852459,53.36834016393443,47.06003289473684,44.15090460526316,15.471222607030533
923,7,43.69419642857143,97.59790990259741,49.952651515151516,100.79308712121211,7.026906682822432
924,8,46.922433035714285,25.15345982142857,47.06003289473684,44.15090460526316,18.997943100137103
925,9,52.993376358695656,65.43039515398551,68.26714409722221,80.35481770833334,21.35477392788744
926,10,57.25763494318182,126.93093039772727,57.75261645047169,134.69100088443395,7.775840832425458
927,11,49.952651515151516,100.79308712121211,59.538386418269226,94.77914663461539,11.316085622209494
928,12,59.538386418269226,94.77914663461539,68.26714409722221,80.35481770833334,16.85978871728403
929,13,69.75514481707317,32.340891768292686,74.88606770833334,43.95073784722222,12.693104257528699
930,14,82.20026750972764,149.22543774319067,104.32350852272727,146.04048295454547,22.351325014973572
931,15,75.5108173076923,14.622145432692307,78.80354256465517,7.551522090517242,7.799727819914745
932,16,92.04574786618943,192.1179145443282,115.7470703125,196.875,24.174005620429345
933,17,74.88606770833334,43.95073784722222,89.22147529069767,48.137718023255815,14.934346773361304
934,18,94.68876008064517,74.19354838709677,111.13725483763734,71.66092033207362,16.64233110582438
935,19,95.46760110294117,116.39476102941177,104.32350852272727,146.04048295454547,30.940199170176236
936,20,115.7470703125,196.875,127.09166061046511,196.9340479651163,11.344743967620795
937,21,147.0151406716741,137.54008730085718,176.35176630434785,134.34042119565217,29.510599226319478
938,22,104.32350852272727,146.04048295454547,123.69063527960526,160.39011101973685,24.1038881599278
939,23,111.13725483763734,71.66092033207362,127.40885416666667,55.582682291666664,22.87519799277062
940,24,144.41625634447755,25.465225769152966,167.0035240464345,39.69767050165838,26.697324684389052
941,25,143.385009765625,179.591064453125,148.13289711191337,175.879258799639,6.026602314928017
942,26,150.67043138586956,82.15480638586956,163.5508978544776,76.1113864272388,14.227766558575258
943,27,163.5508978544776,76.1113864272388,168.39126275510205,67.74154974489795,9.668676148276731
944,28,162.32285610465115,98.67823401162791,170.74123475609758,102.98208841463415,9.454748110944305
945,29,167.0035240464345,39.69767050165838,175.07254464285717,38.74720982142857,8.12480577553432
946,30,176.35176630434785,134.34042119565217,184.45723684210526,151.14103618421052,18.65366764559253
947,31,174.99161234662577,29.641967024539877,175.07254464285717,38.74720982142857,9.10560247467825
948,32,173.7363516566265,175.0964796686747,182.07465277777777,185.59337797619045,13.405675651205339
949,33,176.04073660714286,114.89397321428572,182.74601063829786,111.13696808510637,7.686077502443083
950,34,179.85079405737704,11.449795081967213,197.5390625,11.484375,17.688302243828318
951,35,175.07254464285717,38.74720982142857,184.44303019662922,35.52822155898877,9.907970778478116
952,36,184.45723684210526,151.14103618421052,187.6143292682927,162.2141768292683,11.514411679834973
953,37,192.07899305555557,66.93793402777779,196.16151147959184,64.27375637755102,4.874915305373366
954,38,192.61798469387753,55.994897959183675,199.38858695652172,57.83797554347826,7.016978693187813
955,39,193.21340460526315,104.20024671052633,195.10708512931035,100.61961206896552,4.050551859129923
956,40,184.44303019662922,35.52822155898877,197.38703547297297,32.685810810810814,13.25241757021611
957,41,193.21340460526315,104.20024671052633,198.076542721519,107.88419699367088,6.1009509116580505
958,42,198.076542721519,107.88419699367088,198.87124594155844,122.6968344155844,14.833940157659189
959,1,5.165318080357143,186.01597377232142,11.213235294117647,194.92570465686273,10.768500687628253
960,2,6.3671875,53.074776785714285,16.479700854700855,45.23737980769231,12.7940500913554
961,3,14.270413306451612,111.20211693548387,39.520979078669484,104.47692548838437,26.130810776117166
962,4,16.94878472222222,79.638671875,25.4833984375,83.427734375,9.337913358878083
963,5,11.213235294117647,194.92570465686273,24.813954151459853,179.96122262773721,20.221653637536292
964,6,28.817894345238095,70.43805803571429,30.30362866300366,62.415793841575095,8.158684285076491
965,7,28.817894345238095,70.43805803571429,35.777994791666664,73.408203125,7.567348285613877
966,8,30.30362866300366,62.415793841575095,36.81512129934211,53.96664268092105,10.667131371117138
967,9,39.520979078669484,104.47692548838437,43.4814453125,109.79110054347827,6.627650360836334
968,10,41.08664772727273,36.69655539772727,54.598214285714285,40.792410714285715,14.1187273377375
969,11,47.73076681726908,14.522935491967873,56.3901764354067,23.518802332535884,12.486432442772657
970,12,58.610026041666664,174.69075520833331,67.5542348444206,184.96149633404863,13.619361012129785
971,13,56.3901764354067,23.518802332535884,68.90338100282486,6.19041313559322,21.374128302851883
972,14,80.63463184931507,39.27921660958904,90.9453125,57.59765624999999,21.020831723311716
973,15,67.5542348444206,184.96149633404863,83.76661278735632,173.28933189655174,19.97700230816816
974,16,90.9453125,57.59765624999999,94.02418870192307,58.879206730769226,3.334943822844414
975,17,92.05228365384616,79.72506009615384,93.89080668604652,64.88008720930233,14.958388514518795
976,18,93.89080668604652,64.88008720930233,94.02418870192307,58.879206730769226,6.002362641477015
977,19,95.92836850649351,139.32832792207793,108.83113828786452,152.57195143461902,18.489862946300935
978,20,95.92836850649351,139.32832792207793,107.32014973958333,118.39192708333333,23.834965066959143
979,21,111.29385964912282,79.41337719298247,111.58319953029141,71.71114120015338,7.707668704353251
980,22,114.18932629870129,0.9106128246753246,133.34673713235296,3.650620404411765,19.352365007572768
981,23,128.83138020833334,53.45703125,131.0752467105263,38.301809210526315,15.320433804087028
982,24,130.49107142857144,175.45758928571428,145.47328496042215,170.66138275065964,15.731189384177913
983,25,133.34673713235296,3.650620404411765,143.77117023601397,1.9688319493006992,10.559224305811906
984,26,108.83113828786452,152.57195143461902,136.0829454787234,138.5513630319149,30.64698834022339
985,27,128.83138020833334,53.45703125,145.09607263513513,60.43074324324324,17.696691179516254
986,28,145.09607263513513,60.43074324324324,145.5879407051282,89.52323717948718,29.09665165665405
987,29,156.1559993315508,24.511702924971644,174.2240287162162,39.9070945945946,23.737560331808076
988,30,143.77117023601397,1.9688319493006992,166.07801649305557,0.96435546875,22.32945057396777
989,31,166.5952620967742,185.75478830645162,188.99561215753425,191.09321489726028,23.027689447924327
990,32,187.77741288716814,90.00276548672566,195.97904265873015,115.89471726190477,27.159895022587495
991,33,187.63881714876035,135.27408316115702,197.0703125,138.56201171875,9.988171942867758
992,34,188.99561215753425,191.09321489726028,189.67701981707316,171.92263719512195,19.182684010122294
993,35,166.07801649305557,0.96435546875,192.58782136524823,12.127382535460992,28.764264768178116
994,36,187.63881714876035,135.27408316115702,195.97904265873015,115.89471726190477,21.097847857406045
